[
  {
    "Id": "100-man-no-inochi-no-ue-ni-ore-wa-tatte-iru",
    "Title": "100-man no Inochi no Ue ni Ore wa Tatte Iru"
  },
  {
    "Id": "16bit-sensation-another-layer",
    "Title": "16bit Sensation - Another Layer"
  },
  {
    "Id": "2-43-seiin-koukou-danshi-volley-bu",
    "Title": "2.43 - Seiin Koukou Danshi Volley-bu"
  },
  {
    "Id": "2-5-jigen-no-ririsa",
    "Title": "2.5-jigen no Ririsa"
  },
  {
    "Id": "30-sai-made-doutei-dato-mahoutsukai-ni-nareru-rashii",
    "Title": "30-sai made Doutei dato Mahoutsukai ni Nareru Rashii"
  },
  {
    "Id": "4-nin-wa-sorezore-uso-wo-tsuku",
    "Title": "4-nin wa Sorezore Uso wo Tsuku"
  },
  {
    "Id": "7th-time-loop",
    "Title": "7th Time Loop"
  },
  {
    "Id": "86-eighty-six",
    "Title": "86 - Eighty Six"
  },
  {
    "Id": "a-herbivorous-dragon-of-5000-years-gets-unfairly-villainized",
    "Title": "A Herbivorous Dragon of 5000 Years Gets Unfairly Villainized"
  },
  {
    "Id": "a-herbivorous-dragon-of-5000-years-gets-unfairly-villainized-s2",
    "Title": "A Herbivorous Dragon of 5000 Years Gets Unfairly Villainized S2"
  },
  {
    "Id": "a3-season-autumn-winter",
    "Title": "A3! Season Autumn \u0026 Winter"
  },
  {
    "Id": "abciee-shuugyou-nikki",
    "Title": "Abciee Shuugyou Nikki"
  },
  {
    "Id": "acro-trip",
    "Title": "Acro Trip"
  },
  {
    "Id": "adachi-to-shimamura",
    "Title": "Adachi to Shimamura"
  },
  {
    "Id": "aharen-san-wa-hakarenai",
    "Title": "Aharen-san wa Hakarenai"
  },
  {
    "Id": "aharen-san-wa-hakarenai-s2",
    "Title": "Aharen-san wa Hakarenai S2"
  },
  {
    "Id": "ai-no-idenshi",
    "Title": "AI no Idenshi"
  },
  {
    "Id": "akebi-chan-no-sailor-fuku",
    "Title": "Akebi-chan no Sailor-fuku"
  },
  {
    "Id": "akiba-maid-sensou",
    "Title": "Akiba Maid Sensou"
  },
  {
    "Id": "akudama-drive",
    "Title": "Akudama Drive"
  },
  {
    "Id": "akujiki-reijou-to-kyouketsu-koushaku",
    "Title": "Akujiki Reijou to Kyouketsu Koushaku"
  },
  {
    "Id": "akuyaku-reijou-level-99",
    "Title": "Akuyaku Reijou Level 99"
  },
  {
    "Id": "akuyaku-reijou-nanode-last-boss-wo-kattemimashita",
    "Title": "Akuyaku Reijou nanode Last Boss wo Kattemimashita"
  },
  {
    "Id": "akuyaku-reijou-tensei-ojisan",
    "Title": "Akuyaku Reijou Tensei Ojisan"
  },
  {
    "Id": "alice-gear-aegis-expansion",
    "Title": "Alice Gear Aegis Expansion"
  },
  {
    "Id": "alice-in-deadly-school",
    "Title": "Alice in Deadly School"
  },
  {
    "Id": "all-saints-street",
    "Title": "All Saints Street"
  },
  {
    "Id": "alma-chan-wa-kazoku-ni-naritai",
    "Title": "Alma-chan wa Kazoku ni Naritai"
  },
  {
    "Id": "amagami-san-chi-no-enmusubi",
    "Title": "Amagami-san Chi no Enmusubi"
  },
  {
    "Id": "ame-to-kimi-to",
    "Title": "Ame to Kimi to"
  },
  {
    "Id": "ameku-takao-no-suiri-karte",
    "Title": "Ameku Takao no Suiri Karte"
  },
  {
    "Id": "ancient-girls-frame",
    "Title": "Ancient Girls Frame"
  },
  {
    "Id": "anime-kapibara-san",
    "Title": "Anime Kapibara-san"
  },
  {
    "Id": "anne-shirley",
    "Title": "Anne Shirley"
  },
  {
    "Id": "another-journey-to-the-west",
    "Title": "Another Journey to the West"
  },
  {
    "Id": "ansatsusha-de-aru-ore-no-status-ga-yuusha-yori-mo-akiraka-ni-tsuyoi-no-da-ga",
    "Title": "Ansatsusha de Aru Ore no Status ga Yuusha yori mo Akiraka ni Tsuyoi no da ga"
  },
  {
    "Id": "ao-ashi",
    "Title": "Ao Ashi"
  },
  {
    "Id": "ao-no-exorcist-shimane-illuminati-hen",
    "Title": "Ao no Exorcist - Shimane Illuminati-hen"
  },
  {
    "Id": "ao-no-exorcist-yosuga-hen",
    "Title": "Ao no Exorcist - Yosuga-hen"
  },
  {
    "Id": "ao-no-exorcist-yuki-no-hate-hen",
    "Title": "Ao no Exorcist - Yuki no Hate-hen"
  },
  {
    "Id": "ao-no-miburo",
    "Title": "Ao no Miburo"
  },
  {
    "Id": "aparida",
    "Title": "Aparida"
  },
  {
    "Id": "apocalypse-hotel",
    "Title": "Apocalypse Hotel"
  },
  {
    "Id": "arifureta-shokugyou-de-sekai-saikyou-s2",
    "Title": "Arifureta Shokugyou de Sekai Saikyou S2"
  },
  {
    "Id": "arifureta-shokugyou-de-sekai-saikyou-s3",
    "Title": "Arifureta Shokugyou de Sekai Saikyou S3"
  },
  {
    "Id": "arknights-enshin-shomei",
    "Title": "Arknights - Enshin Shomei"
  },
  {
    "Id": "arknights-reimei-zensou",
    "Title": "Arknights - Fuyukomori Kaerimichi"
  },
  {
    "Id": "arknights-reimei-zensou",
    "Title": "Arknights - Reimei Zensou"
  },
  {
    "Id": "around-40-otoko-no-isekai-tsuuhan",
    "Title": "Around 40 Otoko no Isekai Tsuuhan"
  },
  {
    "Id": "ars-no-kyojuu",
    "Title": "Ars no Kyojuu"
  },
  {
    "Id": "aru-majo-ga-shinu-made",
    "Title": "Aru Majo ga Shinu Made"
  },
  {
    "Id": "asatir-2-mirai-no-mukashi-banashi",
    "Title": "Asatir 2 - Mirai no Mukashi Banashi"
  },
  {
    "Id": "assault-lily-bouquet",
    "Title": "Assault Lily Bouquet"
  },
  {
    "Id": "astro-note",
    "Title": "Astro Note"
  },
  {
    "Id": "atarashii-joushi-wa-do-tennen",
    "Title": "Atarashii Joushi wa Do Tennen"
  },
  {
    "Id": "atasha-kawajiri-kodama-da-yo",
    "Title": "Atasha Kawajiri Kodama Da yo"
  },
  {
    "Id": "atri-my-dear-moments",
    "Title": "Atri - My Dear Moments"
  },
  {
    "Id": "ayaka",
    "Title": "Ayaka"
  },
  {
    "Id": "ayakashi-triangle",
    "Title": "Ayakashi Triangle"
  },
  {
    "Id": "azur-lane-bisoku-zenshin",
    "Title": "Azur Lane - Bisoku Zenshin!"
  },
  {
    "Id": "b-project-s3",
    "Title": "B-Project S3"
  },
  {
    "Id": "back-arrow",
    "Title": "Back Arrow"
  },
  {
    "Id": "bad-girl",
    "Title": "Bad Girl"
  },
  {
    "Id": "bakuten",
    "Title": "Bakuten!!"
  },
  {
    "Id": "bakuten-movie",
    "Title": "Bakuten!! Movie"
  },
  {
    "Id": "ballpark-de-tsukamaete",
    "Title": "Ballpark de Tsukamaete!"
  },
  {
    "Id": "bananya-around-the-world",
    "Title": "Bananya - Around the World"
  },
  {
    "Id": "bang-dream-ave-mujica",
    "Title": "BanG Dream! Ave Mujica"
  },
  {
    "Id": "bang-dream-film-live-2nd-stage",
    "Title": "BanG Dream! Film Live 2nd Stage"
  },
  {
    "Id": "bang-dream-its-mygo",
    "Title": "BanG Dream! It\u0027s MyGO!!!!!"
  },
  {
    "Id": "bang-dream-movie",
    "Title": "BanG Dream! Movie"
  },
  {
    "Id": "bang-dream-movie-episode-of-roselia",
    "Title": "BanG Dream! Movie - Episode of Roselia"
  },
  {
    "Id": "baraou-no-souretsu",
    "Title": "Baraou no Souretsu"
  },
  {
    "Id": "bartender-kami-no-glass",
    "Title": "Bartender - Kami no Glass"
  },
  {
    "Id": "battle-athletess-daiundoukai-restart",
    "Title": "Battle Athletess Daiundoukai ReSTART!"
  },
  {
    "Id": "beast-tamer",
    "Title": "Beast Tamer"
  },
  {
    "Id": "beheneko",
    "Title": "Beheneko"
  },
  {
    "Id": "bem-movie-become-human",
    "Title": "Bem Movie - Become Human"
  },
  {
    "Id": "benriya-saitou-san-isekai-ni-iku",
    "Title": "Benriya Saitou-san, Isekai ni Iku"
  },
  {
    "Id": "berserk-the-golden-age-arc-memorial-edition",
    "Title": "Berserk - The Golden Age Arc Memorial Edition"
  },
  {
    "Id": "birdie-wing-golf-girls-story",
    "Title": "Birdie Wing - Golf Girls\u0027 Story"
  },
  {
    "Id": "bishounen-tanteidan",
    "Title": "Bishounen Tanteidan"
  },
  {
    "Id": "black-clover",
    "Title": "Black Clover"
  },
  {
    "Id": "blade-runner-black-lotus",
    "Title": "Blade Runner - Black Lotus"
  },
  {
    "Id": "bloody-escape-jigoku-no-tousou-geki",
    "Title": "Bloody Escape - Jigoku no Tousou Geki"
  },
  {
    "Id": "blue-lock",
    "Title": "Blue Lock"
  },
  {
    "Id": "blue-lock-episode-nagi",
    "Title": "Blue lock - Episode Nagi"
  },
  {
    "Id": "blue-reflection-ray",
    "Title": "Blue Reflection Ray"
  },
  {
    "Id": "bocchi-the-rock",
    "Title": "Bocchi the Rock!"
  },
  {
    "Id": "bofuri-s2",
    "Title": "Bofuri S2"
  },
  {
    "Id": "boku-ga-aishita-subete-no-kimi-e",
    "Title": "Boku ga Aishita Subete no Kimi e"
  },
  {
    "Id": "boku-no-hero-academia",
    "Title": "Boku no Hero Academia"
  },
  {
    "Id": "boku-no-hero-academia-memories",
    "Title": "Boku No Hero Academia Memories"
  },
  {
    "Id": "boku-no-hero-academia-the-movie-youre-next",
    "Title": "Boku no Hero Academia the Movie - You\u0027re Next"
  },
  {
    "Id": "boku-no-kokoro-no-yabai-yatsu",
    "Title": "Boku no Kokoro no Yabai Yatsu"
  },
  {
    "Id": "boku-no-tsuma-wa-kanjou-ga-nai",
    "Title": "Boku no Tsuma wa Kanjou ga Nai"
  },
  {
    "Id": "bokura-no-ameiro-protocol",
    "Title": "Bokura no Ameiro Protocol"
  },
  {
    "Id": "bokutachi-no-remake",
    "Title": "Bokutachi no Remake"
  },
  {
    "Id": "boruto-naruto-next-generations",
    "Title": "Boruto - Naruto Next Generations"
  },
  {
    "Id": "botsuraku-yotei-no-kizoku-dakedo-hima-datta-kara-mahou-wo-kiwametemita",
    "Title": "Botsuraku Yotei no Kizoku dakedo, Hima Datta kara Mahou wo Kiwametemita"
  },
  {
    "Id": "boukyaku-battery",
    "Title": "Boukyaku Battery"
  },
  {
    "Id": "boushoku-no-berserk",
    "Title": "Boushoku no Berserk"
  },
  {
    "Id": "bucchigire",
    "Title": "Bucchigire!"
  },
  {
    "Id": "bucchigiri",
    "Title": "Bucchigiri"
  },
  {
    "Id": "buddy-daddies",
    "Title": "Buddy Daddies"
  },
  {
    "Id": "build-divide-code-black",
    "Title": "Build Divide - Code Black"
  },
  {
    "Id": "build-divide-code-white",
    "Title": "Build Divide - Code White"
  },
  {
    "Id": "bukiyou-na-senpai-2",
    "Title": "Bukiyou na Senpai."
  },
  {
    "Id": "bullbuster",
    "Title": "Bullbuster"
  },
  {
    "Id": "bungou-stray-dogs",
    "Title": "Bungou Stray Dogs"
  },
  {
    "Id": "bungou-stray-dogs-wan",
    "Title": "Bungou Stray Dogs Wan!"
  },
  {
    "Id": "bureau-of-paranormal-investigation",
    "Title": "Bureau of Paranormal Investigation"
  },
  {
    "Id": "burn-the-witch",
    "Title": "Burn the Witch"
  },
  {
    "Id": "busamen-gachi-fighter",
    "Title": "Busamen Gachi Fighter"
  },
  {
    "Id": "buta-no-liver-wa-kanetsu-shiro",
    "Title": "Buta no Liver wa Kanetsu Shiro"
  },
  {
    "Id": "bye-bye-earth",
    "Title": "Bye Bye, Earth"
  },
  {
    "Id": "captain-tsubasa-s2",
    "Title": "Captain Tsubasa S2"
  },
  {
    "Id": "cardfight-vanguard-divinez",
    "Title": "Cardfight!! Vanguard - Divinez"
  },
  {
    "Id": "cardfight-vanguard-divinez-s2",
    "Title": "Cardfight!! Vanguard - Divinez S2"
  },
  {
    "Id": "cardfight-vanguard-divinez-s3",
    "Title": "Cardfight!! Vanguard - Divinez S3"
  },
  {
    "Id": "cardfight-vanguard-gaiden-if",
    "Title": "Cardfight!! Vanguard Gaiden - If"
  },
  {
    "Id": "cardfight-vanguard-overdress",
    "Title": "Cardfight!! Vanguard overDress"
  },
  {
    "Id": "cardfight-vanguard-willdress",
    "Title": "Cardfight!! Vanguard will\u002BDress"
  },
  {
    "Id": "cardfight-vanguard-willdress-s2",
    "Title": "Cardfight!! Vanguard will\u002BDress S2"
  },
  {
    "Id": "cardfight-vanguard-willdress-s3",
    "Title": "Cardfight!! Vanguard will\u002BDress S3"
  },
  {
    "Id": "cestvs-the-roman-fighter",
    "Title": "Cestvs - The Roman Fighter"
  },
  {
    "Id": "chainsaw-man",
    "Title": "Chainsaw Man"
  },
  {
    "Id": "chainsaw-man-the-compilation",
    "Title": "Chainsaw Man - The Compilation"
  },
  {
    "Id": "chanto-suenai-kyuuketsuki-chan",
    "Title": "Chanto Suenai Kyuuketsuki-chan"
  },
  {
    "Id": "cheat-kusushi-no-slow-life-isekai-ni-tsukurou-drugstore",
    "Title": "Cheat Kusushi no Slow Life - Isekai ni Tsukurou Drugstore"
  },
  {
    "Id": "chichi-wa-eiyuu-haha-wa-seirei-musume-no-watashi-wa-tenseisha",
    "Title": "Chichi wa Eiyuu, Haha wa Seirei, Musume no Watashi wa Tenseisha."
  },
  {
    "Id": "chiikawa",
    "Title": "Chiikawa"
  },
  {
    "Id": "chikyuugai-shounen-shoujo",
    "Title": "Chikyuugai Shounen Shoujo"
  },
  {
    "Id": "chimimo",
    "Title": "Chimimo"
  },
  {
    "Id": "chitose-kun-wa-ramune-bin-no-naka",
    "Title": "Chitose-kun wa Ramune Bin no Naka"
  },
  {
    "Id": "chiyu-mahou-no-machigatta-tsukaikata",
    "Title": "Chiyu Mahou no Machigatta Tsukaikata"
  },
  {
    "Id": "chotto-dake-ai-ga-omoi-dark-elf-ga-isekai-kara-oikakete-kita",
    "Title": "Chotto dake Ai ga Omoi Dark Elf ga Isekai kara Oikakete Kita"
  },
  {
    "Id": "cinderella-chef-s3",
    "Title": "Cinderella Chef S3"
  },
  {
    "Id": "class-no-daikirai-na-joshi-to-kekkon-suru-koto-ni-natta",
    "Title": "Class no Daikirai na Joshi to Kekkon suru Koto ni Natta"
  },
  {
    "Id": "classic-stars",
    "Title": "Classic Stars"
  },
  {
    "Id": "clevatess",
    "Title": "Clevatess"
  },
  {
    "Id": "compass-2-0-sentou-setsuri-kaiseki-system",
    "Title": "Compass 2.0 - Sentou Setsuri Kaiseki System"
  },
  {
    "Id": "cool-doji-danshi",
    "Title": "Cool Doji Danshi"
  },
  {
    "Id": "cue",
    "Title": "Cue!"
  },
  {
    "Id": "d4dj-all-mix",
    "Title": "D4DJ All Mix"
  },
  {
    "Id": "d4dj-all-mix",
    "Title": "D4DJ Double Mix"
  },
  {
    "Id": "d4dj-first-mix",
    "Title": "D4DJ First Mix"
  },
  {
    "Id": "dainanaoji",
    "Title": "Dainanaoji"
  },
  {
    "Id": "dance-dance-danseur",
    "Title": "Dance Dance Danseur"
  },
  {
    "Id": "dandadan",
    "Title": "Dandadan"
  },
  {
    "Id": "danjo-no-yuujou-wa-seiritsu-suru",
    "Title": "Danjo no Yuujou wa Seiritsu suru"
  },
  {
    "Id": "dark-gathering",
    "Title": "Dark Gathering"
  },
  {
    "Id": "date-a-live-iv",
    "Title": "Date a Live IV"
  },
  {
    "Id": "date-a-live-v",
    "Title": "Date a Live V"
  },
  {
    "Id": "dead-dead-demons-dededede-destruction",
    "Title": "Dead Dead Demons Dededede Destruction"
  },
  {
    "Id": "dead-mount-death-play",
    "Title": "Dead Mount Death Play"
  },
  {
    "Id": "deaimon",
    "Title": "Deaimon"
  },
  {
    "Id": "deatte-5-byou-de-battle",
    "Title": "Deatte 5-byou de Battle"
  },
  {
    "Id": "debu-to-love-to-ayamachi-to",
    "Title": "Debu to Love to Ayamachi to!"
  },
  {
    "Id": "deep-insanity-the-lost-child",
    "Title": "Deep Insanity - The Lost Child"
  },
  {
    "Id": "dekin-no-mogura",
    "Title": "Dekin no Mogura"
  },
  {
    "Id": "dekiru-neko-wa-kyou-mo-yuuutsu",
    "Title": "Dekiru Neko wa Kyou mo Yuuutsu"
  },
  {
    "Id": "dekisoko",
    "Title": "Dekisoko"
  },
  {
    "Id": "dekoboko-majo-no-oyako-jijou",
    "Title": "Dekoboko Majo no Oyako Jijou"
  },
  {
    "Id": "delicious-party-precure",
    "Title": "Delicious Party Precure"
  },
  {
    "Id": "delicos-nursery",
    "Title": "Delico\u0027s Nursery"
  },
  {
    "Id": "detective-conan",
    "Title": "Detective Conan"
  },
  {
    "Id": "detective-conan",
    "Title": "Detective Conan - Kid vs Komei - The Targeted Lips"
  },
  {
    "Id": "digimon-adventure-2020",
    "Title": "Digimon Adventure (2020)"
  },
  {
    "Id": "digimon-beatbreak",
    "Title": "Digimon Beatbreak"
  },
  {
    "Id": "digimon-ghost-game",
    "Title": "Digimon Ghost Game"
  },
  {
    "Id": "do-it-yourself",
    "Title": "Do It Yourself!!"
  },
  {
    "Id": "dogeza-de-tanondemita",
    "Title": "Dogeza de Tanondemita"
  },
  {
    "Id": "dosanko-gal-wa-namara-menkoi",
    "Title": "Dosanko Gal wa Namara Menkoi"
  },
  {
    "Id": "douse-koishite-shimaunda",
    "Title": "Douse, Koishite Shimaunda"
  },
  {
    "Id": "dr-stone-ryuusui",
    "Title": "Dr. Stone - Ryuusui"
  },
  {
    "Id": "dr-stone-s2",
    "Title": "Dr. Stone S2"
  },
  {
    "Id": "dr-stone-s3",
    "Title": "Dr. Stone S3"
  },
  {
    "Id": "dr-stone-s4",
    "Title": "Dr. Stone S4"
  },
  {
    "Id": "dragon-ball-daima",
    "Title": "Dragon Ball Daima"
  },
  {
    "Id": "dragon-quest-dai-no-daibouken-2020",
    "Title": "Dragon Quest - Dai no Daibouken (2020)"
  },
  {
    "Id": "dragon-raja",
    "Title": "Dragon Raja"
  },
  {
    "Id": "dragon-raja-s2",
    "Title": "Dragon Raja S2"
  },
  {
    "Id": "dragon-raja-s2",
    "Title": "Dragon Raja S2 (JP)"
  },
  {
    "Id": "dragon-ie-wo-kau",
    "Title": "Dragon, Ie wo Kau."
  },
  {
    "Id": "drowning-sorrows-in-raging-fire",
    "Title": "Drowning Sorrows in Raging Fire"
  },
  {
    "Id": "dungeon-ni-deai-wo-motomeru-no-wa-machigatteiru-darou-ka-s3",
    "Title": "Dungeon ni Deai wo Motomeru no wa Machigatteiru Darou ka S3"
  },
  {
    "Id": "dungeon-ni-deai-wo-motomeru-no-wa-machigatteiru-darou-ka-s4",
    "Title": "Dungeon ni Deai wo Motomeru no wa Machigatteiru Darou ka S4"
  },
  {
    "Id": "dungeon-ni-deai-wo-motomeru-no-wa-machigatteiru-darou-ka-s5",
    "Title": "Dungeon ni Deai wo Motomeru no wa Machigatteiru Darou ka S5"
  },
  {
    "Id": "dungeon-no-naka-no-hito",
    "Title": "Dungeon no Naka no Hito"
  },
  {
    "Id": "d_cide-traumerei-the-animation",
    "Title": "D_Cide Traumerei the Animation"
  },
  {
    "Id": "edens-zero",
    "Title": "Edens Zero"
  },
  {
    "Id": "edomae-elf",
    "Title": "Edomae Elf"
  },
  {
    "Id": "egao-no-taenai-shokuba-desu",
    "Title": "Egao no Taenai Shokuba desu."
  },
  {
    "Id": "eiyuu-kyoushitsu",
    "Title": "Eiyuu Kyoushitsu"
  },
  {
    "Id": "eiyuuou-bu-wo-kiwameru-tame-tenseisu",
    "Title": "Eiyuuou, Bu wo Kiwameru Tame Tenseisu"
  },
  {
    "Id": "elf-san-wa-yaserarenai",
    "Title": "Elf-san wa Yaserarenai"
  },
  {
    "Id": "enen-no-shouboutai-s2",
    "Title": "Enen no Shouboutai S2"
  },
  {
    "Id": "enen-no-shouboutai-s3",
    "Title": "Enen no Shouboutai S3"
  },
  {
    "Id": "engage-kiss",
    "Title": "Engage Kiss"
  },
  {
    "Id": "estab-life-great-escape",
    "Title": "Estab-Life - Great Escape"
  },
  {
    "Id": "ex-arm",
    "Title": "Ex-Arm"
  },
  {
    "Id": "extreme-hearts",
    "Title": "Extreme Hearts"
  },
  {
    "Id": "fairies-album-s3",
    "Title": "Fairies Album S3"
  },
  {
    "Id": "fairies-album-s4",
    "Title": "Fairies Album S4"
  },
  {
    "Id": "fairy-ranmaru",
    "Title": "Fairy Ranmaru"
  },
  {
    "Id": "fairy-tail-100-years-quest",
    "Title": "Fairy Tail - 100 Years Quest"
  },
  {
    "Id": "fantasy-bishoujo-juniku-ojisan-to",
    "Title": "Fantasy Bishoujo Juniku Ojisan to"
  },
  {
    "Id": "farmagia",
    "Title": "Farmagia"
  },
  {
    "Id": "fate-grand-carnival",
    "Title": "Fate Grand Carnival"
  },
  {
    "Id": "fate-grand-order-final-singularity-the-grand-temple-of-time-solomon-2",
    "Title": "Fate Grand Order - Final Singularity - The Grand Temple of Time Solomon"
  },
  {
    "Id": "fate-strange-fake",
    "Title": "Fate Strange Fake"
  },
  {
    "Id": "fate-strange-fake-whispers-of-dawn",
    "Title": "Fate strange Fake - Whispers of Dawn"
  },
  {
    "Id": "food-court-de-mata-ashita",
    "Title": "Food Court de, Mata Ashita."
  },
  {
    "Id": "free-the-final-stroke",
    "Title": "Free! - The Final Stroke"
  },
  {
    "Id": "fruits-basket-2019",
    "Title": "Fruits Basket (2019)"
  },
  {
    "Id": "fruits-basket-2019",
    "Title": "Fruits Basket (2019) S2"
  },
  {
    "Id": "fruits-basket-2019",
    "Title": "Fruits Basket (2019) S3"
  },
  {
    "Id": "fugukan",
    "Title": "Fugukan"
  },
  {
    "Id": "full-dive",
    "Title": "Full Dive"
  },
  {
    "Id": "fumetsu-no-anata-e",
    "Title": "Fumetsu no Anata e"
  },
  {
    "Id": "fumetsu-no-anata-e-s2",
    "Title": "Fumetsu no Anata e S2"
  },
  {
    "Id": "fumetsu-no-anata-e-s3",
    "Title": "Fumetsu no Anata e S3"
  },
  {
    "Id": "futari-solo-camp",
    "Title": "Futari Solo Camp"
  },
  {
    "Id": "futoku-no-guild",
    "Title": "Futoku no Guild"
  },
  {
    "Id": "futsal-boys",
    "Title": "Futsal Boys!!!!!"
  },
  {
    "Id": "fuufu-ijou-koibito-miman",
    "Title": "Fuufu Ijou, Koibito Miman"
  },
  {
    "Id": "fuuto-tantei",
    "Title": "Fuuto Tantei"
  },
  {
    "Id": "gachiakuta",
    "Title": "Gachiakuta"
  },
  {
    "Id": "gaikotsu-kishi-sama-tadaima-isekai-e-odekakechuu",
    "Title": "Gaikotsu Kishi-sama, Tadaima Isekai e Odekakechuu"
  },
  {
    "Id": "gal-to-kyouryuu",
    "Title": "Gal to Kyouryuu"
  },
  {
    "Id": "game-center-shoujo-to-ibunka-kouryuu",
    "Title": "Game Center Shoujo to Ibunka Kouryuu"
  },
  {
    "Id": "ganbare-douki-chan",
    "Title": "Ganbare Douki-chan"
  },
  {
    "Id": "gekai-elise",
    "Title": "Gekai Elise"
  },
  {
    "Id": "gekidol",
    "Title": "Gekidol"
  },
  {
    "Id": "gekkan-mousou-kagaku",
    "Title": "Gekkan Mousou Kagaku"
  },
  {
    "Id": "genjitsu-no-yohane-sunshine-in-the-mirror",
    "Title": "Genjitsu no Yohane - Sunshine in the Mirror"
  },
  {
    "Id": "genjitsu-shugi-yuusha-no-oukoku-saikenki",
    "Title": "Genjitsu Shugi Yuusha no Oukoku Saikenki"
  },
  {
    "Id": "gensou-sangokushi-tengen-reishinki",
    "Title": "Gensou Sangokushi - Tengen Reishinki"
  },
  {
    "Id": "getsuyoubi-no-tawawa-s2",
    "Title": "Getsuyoubi no Tawawa S2"
  },
  {
    "Id": "getter-robo-arc",
    "Title": "Getter Robo Arc"
  },
  {
    "Id": "giji-harem",
    "Title": "Giji Harem"
  },
  {
    "Id": "gimai-seikatsu",
    "Title": "Gimai Seikatsu"
  },
  {
    "Id": "gintama-3-nen-z-gumi-ginpachi-sensei",
    "Title": "Gintama - 3-nen Z-gumi Ginpachi-sensei"
  },
  {
    "Id": "girls-band-cry",
    "Title": "Girls Band Cry"
  },
  {
    "Id": "girls-und-panzer-das-finale",
    "Title": "Girls und Panzer das Finale"
  },
  {
    "Id": "girls-frontline",
    "Title": "Girls\u0027 Frontline"
  },
  {
    "Id": "girumasu",
    "Title": "Girumasu"
  },
  {
    "Id": "given",
    "Title": "Given"
  },
  {
    "Id": "given-movie",
    "Title": "Given Movie"
  },
  {
    "Id": "given-movie-2-hiiragi-mix",
    "Title": "Given Movie 2 - Hiiragi Mix"
  },
  {
    "Id": "given-movie-3-to-the-sea",
    "Title": "Given Movie 3 - To the Sea"
  },
  {
    "Id": "gnosia",
    "Title": "GNOSIA"
  },
  {
    "Id": "go-toubun-no-hanayome-s2",
    "Title": "Go-toubun no Hanayome S2"
  },
  {
    "Id": "goblin-slayer-goblins-crown",
    "Title": "Goblin Slayer - Goblin\u0027s Crown"
  },
  {
    "Id": "goblin-slayer-s2",
    "Title": "Goblin Slayer S2"
  },
  {
    "Id": "gochuumon-wa-usagi-desu-ka-s3",
    "Title": "Gochuumon wa Usagi Desu ka S3"
  },
  {
    "Id": "golden-kamuy",
    "Title": "Golden Kamuy"
  },
  {
    "Id": "gorilla-no-kami",
    "Title": "Gorilla no Kami"
  },
  {
    "Id": "gotoubun-no-hanayome-movie",
    "Title": "Gotoubun no Hanayome Movie"
  },
  {
    "Id": "goukon-ni-ittara-onna-ga-inakatta-hanashi",
    "Title": "Goukon ni Ittara Onna ga Inakatta Hanashi"
  },
  {
    "Id": "grand-blue-s2",
    "Title": "Grand Blue S2"
  },
  {
    "Id": "great-pretender-razbliuto",
    "Title": "Great Pretender - Razbliuto"
  },
  {
    "Id": "gridman-universe",
    "Title": "Gridman Universe"
  },
  {
    "Id": "grisaia-phantom-trigger",
    "Title": "Grisaia - Phantom Trigger"
  },
  {
    "Id": "guilty-gear-strive-dual-rulers",
    "Title": "Guilty Gear Strive - Dual Rulers"
  },
  {
    "Id": "gunjou-no-fanfare",
    "Title": "Gunjou no Fanfare"
  },
  {
    "Id": "gunma-chan",
    "Title": "Gunma-chan"
  },
  {
    "Id": "gunma-chan-s2",
    "Title": "Gunma-chan S2"
  },
  {
    "Id": "guraburu",
    "Title": "Guraburu!"
  },
  {
    "Id": "gyakuten-sekai-no-denchi-shoujo",
    "Title": "Gyakuten Sekai no Denchi Shoujo"
  },
  {
    "Id": "hachigatsu-no-cinderella-nine",
    "Title": "Hachigatsu no Cinderella Nine"
  },
  {
    "Id": "haikyuu-movie-gomisuteba-no-kessen",
    "Title": "Haikyuu!! Movie - Gomisuteba no Kessen"
  },
  {
    "Id": "haikyuu-to-the-top",
    "Title": "Haikyuu!! To The Top"
  },
  {
    "Id": "haite-kudasai-takamine-san",
    "Title": "Haite Kudasai, Takamine-san"
  },
  {
    "Id": "hajime-no-ippo",
    "Title": "Hajime no Ippo"
  },
  {
    "Id": "hakozume-kouban-joshi-no-gyakushuu",
    "Title": "Hakozume - Kouban Joshi no Gyakushuu"
  },
  {
    "Id": "hakuouki-ova",
    "Title": "Hakuouki OVA"
  },
  {
    "Id": "hamefura-movie",
    "Title": "Hamefura Movie"
  },
  {
    "Id": "hamefura-s2",
    "Title": "Hamefura S2"
  },
  {
    "Id": "hametsu-no-oukoku",
    "Title": "Hametsu no Oukoku"
  },
  {
    "Id": "hana-wa-saku-shura-no-gotoku",
    "Title": "Hana wa Saku, Shura no Gotoku"
  },
  {
    "Id": "hanabi-chan-wa-okuregachi",
    "Title": "Hanabi-chan wa Okuregachi"
  },
  {
    "Id": "hananoi-kun-to-koi-no-yamai",
    "Title": "Hananoi-kun to Koi no Yamai"
  },
  {
    "Id": "hanyou-no-yashahime",
    "Title": "Hanyou no Yashahime"
  },
  {
    "Id": "hareluya-ii-boy",
    "Title": "Hareluya II Boy"
  },
  {
    "Id": "hataraku-maou-sama-s2",
    "Title": "Hataraku Maou-sama S2"
  },
  {
    "Id": "hataraku-saibou-black",
    "Title": "Hataraku Saibou Black"
  },
  {
    "Id": "hataraku-saibou-s2",
    "Title": "Hataraku Saibou S2"
  },
  {
    "Id": "hazurewaku",
    "Title": "Hazurewaku"
  },
  {
    "Id": "healer-girl",
    "Title": "Healer Girl"
  },
  {
    "Id": "healin-good-precure",
    "Title": "Healin Good Precure"
  },
  {
    "Id": "heaven-officials-blessing",
    "Title": "Heaven Official\u0027s Blessing"
  },
  {
    "Id": "heaven-officials-blessing-s2",
    "Title": "Heaven Official\u0027s Blessing S2"
  },
  {
    "Id": "heike-monogatari",
    "Title": "Heike Monogatari"
  },
  {
    "Id": "heion-sedai-no-idaten-tachi",
    "Title": "Heion Sedai no Idaten-tachi"
  },
  {
    "Id": "helck",
    "Title": "Helck"
  },
  {
    "Id": "henjin-no-salad-bowl",
    "Title": "Henjin no Salad Bowl"
  },
  {
    "Id": "heroine-tarumono-kiraware-heroine-to-naisho-no-oshigoto",
    "Title": "Heroine Tarumono! Kiraware Heroine to Naisho no Oshigoto"
  },
  {
    "Id": "hetalia-world-stars",
    "Title": "Hetalia World Stars"
  },
  {
    "Id": "heya-camp",
    "Title": "Heya Camp"
  },
  {
    "Id": "hibi-wa-sugiredo-meshi-umashi",
    "Title": "Hibi wa Sugiredo Meshi Umashi"
  },
  {
    "Id": "hibike-euphonium-chikai-no-finale",
    "Title": "Hibike! Euphonium - Chikai no Finale"
  },
  {
    "Id": "hibike-euphonium-s3",
    "Title": "Hibike! Euphonium S3"
  },
  {
    "Id": "hige-wo-soru-soshite-joshikousei-wo-hirou",
    "Title": "Hige wo Soru. Soshite Joshikousei wo Hirou."
  },
  {
    "Id": "high-card",
    "Title": "High Card"
  },
  {
    "Id": "high-rise-invasion",
    "Title": "High-Rise Invasion"
  },
  {
    "Id": "highspeed-etoile",
    "Title": "Highspeed Etoile"
  },
  {
    "Id": "higurashi-no-naku-koro-ni-gou",
    "Title": "Higurashi no Naku Koro ni Gou"
  },
  {
    "Id": "higurashi-no-naku-koro-ni-sotsu",
    "Title": "Higurashi no Naku Koro ni Sotsu"
  },
  {
    "Id": "hikari-no-ou",
    "Title": "Hikari no Ou"
  },
  {
    "Id": "hikikomari-kyuuketsuki-no-monmon",
    "Title": "Hikikomari Kyuuketsuki no Monmon"
  },
  {
    "Id": "hime-sama-goumon-no-jikan-desu",
    "Title": "Hime-sama Goumon no Jikan desu"
  },
  {
    "Id": "himitsukessha-taka-no-tsume-golden-spell",
    "Title": "Himitsukessha Taka no Tsume - Golden Spell"
  },
  {
    "Id": "hirogaru-sky-precure",
    "Title": "Hirogaru Sky! Precure"
  },
  {
    "Id": "hitoribocchi-no-isekai-kouryaku",
    "Title": "Hitoribocchi no Isekai Kouryaku"
  },
  {
    "Id": "hokkyoku-hyakkaten-no-concierge-san",
    "Title": "Hokkyoku Hyakkaten no Concierge-san"
  },
  {
    "Id": "honey-lemon-soda",
    "Title": "Honey Lemon Soda"
  },
  {
    "Id": "honor-of-kings",
    "Title": "Honor of Kings"
  },
  {
    "Id": "honzuki-no-gekokujou",
    "Title": "Honzuki no Gekokujou"
  },
  {
    "Id": "horimiya",
    "Title": "Horimiya"
  },
  {
    "Id": "horimiya-piece",
    "Title": "Horimiya - Piece"
  },
  {
    "Id": "hortensia-saga",
    "Title": "Hortensia Saga"
  },
  {
    "Id": "hoshi-no-samidare",
    "Title": "Hoshi no Samidare"
  },
  {
    "Id": "hoshifuru-oukoku-no-nina",
    "Title": "Hoshifuru Oukoku no Nina"
  },
  {
    "Id": "hoshikuzu-telepath",
    "Title": "Hoshikuzu Telepath"
  },
  {
    "Id": "hotel-inhumans",
    "Title": "Hotel Inhumans"
  },
  {
    "Id": "houkago-shounen-hanako-kun",
    "Title": "Houkago Shounen Hanako-kun"
  },
  {
    "Id": "hula-fulla-dance",
    "Title": "Hula Fulla Dance"
  },
  {
    "Id": "human-bug-daigaku",
    "Title": "Human Bug Daigaku"
  },
  {
    "Id": "human-lost",
    "Title": "Human Lost"
  },
  {
    "Id": "hyakkano",
    "Title": "Hyakkano"
  },
  {
    "Id": "hyouken-no-majutsushi-ga-sekai-wo-suberu",
    "Title": "Hyouken no Majutsushi ga Sekai wo Suberu"
  },
  {
    "Id": "hypnosis-mic-division-rap-battle-rhyme-anima",
    "Title": "Hypnosis Mic -Division Rap Battle- Rhyme Anima"
  },
  {
    "Id": "hypnosis-mic-division-rap-battle-rhyme-anima-s2",
    "Title": "Hypnosis Mic -Division Rap Battle- Rhyme Anima S2"
  },
  {
    "Id": "i-chu-halfway-through-the-idol",
    "Title": "I-Chu - Halfway Through the Idol"
  },
  {
    "Id": "idolish7-movie-live-4bit",
    "Title": "IDOLiSH7 Movie - LIVE 4bit"
  },
  {
    "Id": "idolish7-s2",
    "Title": "IDOLiSH7 S2"
  },
  {
    "Id": "idolish7-s3",
    "Title": "IDOLiSH7 S3"
  },
  {
    "Id": "idolls",
    "Title": "Idolls!"
  },
  {
    "Id": "idoly-pride",
    "Title": "Idoly Pride"
  },
  {
    "Id": "ijiranaide-nagatoro-san",
    "Title": "Ijiranaide, Nagatoro-san"
  },
  {
    "Id": "ijiranaide-nagatoro-san-s2",
    "Title": "Ijiranaide, Nagatoro-san S2"
  },
  {
    "Id": "ikebukuro-west-gate-park",
    "Title": "Ikebukuro West Gate Park"
  },
  {
    "Id": "ikenaikyo",
    "Title": "Ikenaikyo"
  },
  {
    "Id": "inu-ni-nattara-suki-na-hito-ni-hirowareta",
    "Title": "Inu ni Nattara Suki na Hito ni Hirowareta"
  },
  {
    "Id": "inu-to-neko-docchimo-katteru-to-mainichi-tanoshii",
    "Title": "Inu to Neko Docchimo Katteru to Mainichi Tanoshii"
  },
  {
    "Id": "isekai-cheat-magician",
    "Title": "Isekai Cheat Magician"
  },
  {
    "Id": "isekai-de-mofumofu-nadenade-suru-tame-ni-ganbattemasu",
    "Title": "Isekai de Mofumofu Nadenade suru Tame ni Ganbattemasu"
  },
  {
    "Id": "isekai-maou-to-shoukan-shoujo-no-dorei-majutsu-s2",
    "Title": "Isekai Maou to Shoukan Shoujo no Dorei Majutsu S2"
  },
  {
    "Id": "isekai-meikyuu-de-harem-wo",
    "Title": "Isekai Meikyuu de Harem wo"
  },
  {
    "Id": "isekai-mokushiroku-mynoghra",
    "Title": "Isekai Mokushiroku Mynoghra"
  },
  {
    "Id": "isekai-nonbiri-nouka",
    "Title": "Isekai Nonbiri Nouka"
  },
  {
    "Id": "isekai-one-turn-kill-neesan",
    "Title": "Isekai One Turn Kill Neesan"
  },
  {
    "Id": "isekai-quartet-movie-another-world",
    "Title": "Isekai Quartet Movie - Another World"
  },
  {
    "Id": "isekai-quartet-s3",
    "Title": "Isekai Quartet S3"
  },
  {
    "Id": "isekai-shikkaku",
    "Title": "Isekai Shikkaku"
  },
  {
    "Id": "isekai-shokudou-s2",
    "Title": "Isekai Shokudou S2"
  },
  {
    "Id": "isekai-shoukan-wa-nidome-desu",
    "Title": "Isekai Shoukan wa Nidome desu"
  },
  {
    "Id": "isekai-wa-smartphone-to-tomo-ni-s2",
    "Title": "Isekai wa Smartphone to Tomo ni S2"
  },
  {
    "Id": "isekai-yakkyoku",
    "Title": "Isekai Yakkyoku"
  },
  {
    "Id": "isekai-yururi-kikou",
    "Title": "Isekai Yururi Kikou"
  },
  {
    "Id": "iseleve",
    "Title": "Iseleve"
  },
  {
    "Id": "itazuraguma-no-gloomy",
    "Title": "Itazuraguma no Gloomy"
  },
  {
    "Id": "iwa-kakeru-sport-climbing-girls",
    "Title": "Iwa Kakeru! Sport Climbing Girls"
  },
  {
    "Id": "izure-saikyou-no-renkinjutsushi",
    "Title": "Izure Saikyou no Renkinjutsushi"
  },
  {
    "Id": "jahy-sama-wa-kujikenai",
    "Title": "Jahy-sama wa Kujikenai!"
  },
  {
    "Id": "jaku-chara-tomozaki-kun",
    "Title": "Jaku-Chara Tomozaki-kun"
  },
  {
    "Id": "jaku-chara-tomozaki-kun-s2",
    "Title": "Jaku-Chara Tomozaki-kun S2"
  },
  {
    "Id": "jantama-pong",
    "Title": "Jantama Pong"
  },
  {
    "Id": "jashin-chan-dropkick-seikimatsu-hen",
    "Title": "Jashin-chan Dropkick - Seikimatsu-hen"
  },
  {
    "Id": "jashin-chan-dropkick-x",
    "Title": "Jashin-chan Dropkick X"
  },
  {
    "Id": "jibaku-shounen-hanako-kun-s2",
    "Title": "Jibaku Shounen Hanako-kun S2"
  },
  {
    "Id": "jidou-hanbaiki-ni-umarekawatta-ore-wa-meikyuu-wo-samayou",
    "Title": "Jidou Hanbaiki ni Umarekawatta Ore wa Meikyuu wo Samayou"
  },
  {
    "Id": "jidou-hanbaiki-ni-umarekawatta-ore-wa-meikyuu-wo-samayou-s2",
    "Title": "Jidou Hanbaiki ni Umarekawatta Ore wa Meikyuu wo Samayou S2"
  },
  {
    "Id": "jigokuraku",
    "Title": "Jigokuraku"
  },
  {
    "Id": "jiisan-baasan-wakagaeru",
    "Title": "Jiisan Baasan Wakagaeru"
  },
  {
    "Id": "jijou-wo-shiranai-tenkousei-ga-guigui-kuru",
    "Title": "Jijou wo Shiranai Tenkousei ga Guigui Kuru"
  },
  {
    "Id": "jitsu-wa-ore-saikyou-deshita",
    "Title": "Jitsu wa Ore, Saikyou deshita"
  },
  {
    "Id": "jojos-bizarre-adventure-stone-ocean",
    "Title": "JoJo\u0027s Bizarre Adventure - Stone Ocean"
  },
  {
    "Id": "joran-the-princess-of-snow-and-blood",
    "Title": "Joran The Princess of Snow and Blood"
  },
  {
    "Id": "josee-to-tora-to-sakana-tachi",
    "Title": "Josee to Tora to Sakana-tachi"
  },
  {
    "Id": "jujutsu-kaisen",
    "Title": "Jujutsu Kaisen"
  },
  {
    "Id": "jujutsu-kaisen-0",
    "Title": "Jujutsu Kaisen 0"
  },
  {
    "Id": "kage-no-jitsuryokusha-ni-naritakute",
    "Title": "Kage no Jitsuryokusha ni Naritakute!"
  },
  {
    "Id": "kage-no-jitsuryokusha-ni-naritakute-s2",
    "Title": "Kage no Jitsuryokusha ni Naritakute! S2"
  },
  {
    "Id": "kageki-shoujo",
    "Title": "Kageki Shoujo!!"
  },
  {
    "Id": "kaginado",
    "Title": "Kaginado"
  },
  {
    "Id": "kaguya-sama-wa-kokurasetai-first-kiss-wa-owaranai",
    "Title": "Kaguya-sama wa Kokurasetai - First Kiss wa Owaranai"
  },
  {
    "Id": "kaguya-sama-wa-kokurasetai-s3",
    "Title": "Kaguya-sama wa Kokurasetai S3"
  },
  {
    "Id": "kai-byoui-ramune",
    "Title": "Kai Byoui Ramune"
  },
  {
    "Id": "kaifuku-jutsushi-no-yarinaoshi",
    "Title": "Kaifuku Jutsushi no Yarinaoshi"
  },
  {
    "Id": "kaifuku-jutsushi-no-yarinaoshi",
    "Title": "Kaifuku Jutsushi no Yarinaoshi (Redo Ver.)"
  },
  {
    "Id": "kaii-to-otome-to-kamikakushi",
    "Title": "Kaii to Otome to Kamikakushi"
  },
  {
    "Id": "kaijin-kaihatsu-bu-no-kuroitsu-san",
    "Title": "Kaijin Kaihatsu-bu no Kuroitsu-san"
  },
  {
    "Id": "kaijuu-8-gou",
    "Title": "Kaijuu 8-gou"
  },
  {
    "Id": "kaiko-sareta-ankoku-heishi-30-dai-no-slow-na-second-life",
    "Title": "Kaiko sareta Ankoku Heishi (30-dai) no Slow na Second Life"
  },
  {
    "Id": "kaizoku-oujo",
    "Title": "Kaizoku Oujo"
  },
  {
    "Id": "kakkou-no-iinazuke",
    "Title": "Kakkou no Iinazuke"
  },
  {
    "Id": "kakkou-no-iinazuke-s2",
    "Title": "Kakkou no Iinazuke S2"
  },
  {
    "Id": "kakuriyo-no-yadomeshi-ni",
    "Title": "Kakuriyo no Yadomeshi Ni"
  },
  {
    "Id": "kakushigoto-movie",
    "Title": "Kakushigoto Movie"
  },
  {
    "Id": "kami-kuzu-idol",
    "Title": "Kami Kuzu Idol"
  },
  {
    "Id": "kami-wa-game-ni-ueteiru",
    "Title": "Kami wa Game ni Ueteiru"
  },
  {
    "Id": "kami-tachi-ni-hirowareta-otoko",
    "Title": "Kami-tachi ni Hirowareta Otoko"
  },
  {
    "Id": "kami-tachi-ni-hirowareta-otoko-s2",
    "Title": "Kami-tachi ni Hirowareta Otoko S2"
  },
  {
    "Id": "kamierabi-god-app",
    "Title": "KamiErabi GOD.app"
  },
  {
    "Id": "kaminaki-sekai-no-kamisama-katsudou",
    "Title": "Kaminaki Sekai no Kamisama Katsudou"
  },
  {
    "Id": "kamisama-ni-natta-hi",
    "Title": "Kamisama ni Natta Hi"
  },
  {
    "Id": "kamitsubaki-shi-kensetsuchuu",
    "Title": "Kamitsubaki-shi Kensetsuchuu."
  },
  {
    "Id": "kamonohashi-ron-no-kindan-suiri",
    "Title": "Kamonohashi Ron no Kindan Suiri"
  },
  {
    "Id": "kanchigai-no-atelier-meister",
    "Title": "Kanchigai no Atelier Meister"
  },
  {
    "Id": "kancolle-s2",
    "Title": "KanColle S2"
  },
  {
    "Id": "kanojo-ga-koushaku-tei-ni-itta-riyuu",
    "Title": "Kanojo ga Koushaku-tei ni Itta Riyuu"
  },
  {
    "Id": "kanojo-mo-kanojo",
    "Title": "Kanojo mo Kanojo"
  },
  {
    "Id": "kanojo-mo-kanojo-s2",
    "Title": "Kanojo mo Kanojo S2"
  },
  {
    "Id": "kanojo-okarishimasu",
    "Title": "Kanojo, Okarishimasu"
  },
  {
    "Id": "kanpekiseijo",
    "Title": "Kanpekiseijo"
  },
  {
    "Id": "kao-ni-denai-kashiwada-san-to-kao-ni-deru-oota-kun",
    "Title": "Kao ni Denai Kashiwada-san to Kao ni Deru Oota-kun"
  },
  {
    "Id": "karakai-jouzu-no-takagi-san-movie",
    "Title": "Karakai Jouzu no Takagi-san Movie"
  },
  {
    "Id": "karakai-jouzu-no-takagi-san-s3",
    "Title": "Karakai Jouzu no Takagi-san S3"
  },
  {
    "Id": "karaoke-iko",
    "Title": "Karaoke Iko!"
  },
  {
    "Id": "karasu-wa-aruji-wo-erabanai",
    "Title": "Karasu wa Aruji wo Erabanai"
  },
  {
    "Id": "katsute-mahou-shoujo-to-aku-wa-tekitai-shiteita",
    "Title": "Katsute Mahou Shoujo to Aku wa Tekitai shiteita"
  },
  {
    "Id": "kawagoe-boys-sing",
    "Title": "Kawagoe Boys Sing"
  },
  {
    "Id": "kawaii-dake-ja-nai-shikimori-san",
    "Title": "Kawaii dake ja Nai Shikimori-san"
  },
  {
    "Id": "kawaisugi-crisis",
    "Title": "Kawaisugi Crisis"
  },
  {
    "Id": "kekkon-suru-tte-hontou-desu-ka",
    "Title": "Kekkon suru tte, Hontou desu ka"
  },
  {
    "Id": "kekkon-yubiwa-monogatari",
    "Title": "Kekkon Yubiwa Monogatari"
  },
  {
    "Id": "kekkon-yubiwa-monogatari-s2",
    "Title": "Kekkon Yubiwa Monogatari S2"
  },
  {
    "Id": "kemono-jihen",
    "Title": "Kemono Jihen"
  },
  {
    "Id": "kenja-no-deshi-wo-nanoru-kenja",
    "Title": "Kenja no Deshi wo Nanoru Kenja"
  },
  {
    "Id": "kenka-dokugaku",
    "Title": "Kenka Dokugaku"
  },
  {
    "Id": "kibou-no-chikara-otona-precure-23",
    "Title": "Kibou no Chikara - Otona Precure \u002723"
  },
  {
    "Id": "kijin-gentoushou",
    "Title": "Kijin Gentoushou"
  },
  {
    "Id": "kikaijikake-no-marie",
    "Title": "Kikaijikake no Marie"
  },
  {
    "Id": "kikansha-no-mahou-wa-tokubetsu-desu",
    "Title": "Kikansha no Mahou wa Tokubetsu desu"
  },
  {
    "Id": "kimetsu-no-yaiba-hashira-geiko-hen",
    "Title": "Kimetsu no Yaiba - Hashira Geiko-hen"
  },
  {
    "Id": "kimetsu-no-yaiba-katanakaji-no-sato-hen",
    "Title": "Kimetsu no Yaiba - Katanakaji no Sato-hen"
  },
  {
    "Id": "kimetsu-no-yaiba-mugen-ressha-hen",
    "Title": "Kimetsu no Yaiba - Mugen Ressha-hen"
  },
  {
    "Id": "kimetsu-no-yaiba-yuukaku-hen",
    "Title": "Kimetsu no Yaiba - Yuukaku-hen"
  },
  {
    "Id": "kimi-to-boku-no-saigo-no-senjou-arui-wa-sekai-ga-hajimaru-seisen",
    "Title": "Kimi to Boku no Saigo no Senjou, Arui wa Sekai ga Hajimaru Seisen"
  },
  {
    "Id": "kimi-to-boku-no-saigo-no-senjou-arui-wa-sekai-ga-hajimaru-seisen-s2",
    "Title": "Kimi to Boku no Saigo no Senjou, Arui wa Sekai ga Hajimaru Seisen S2"
  },
  {
    "Id": "kimi-to-idol-precure",
    "Title": "Kimi to Idol Precure"
  },
  {
    "Id": "kimi-to-koete-koi-ni-naru",
    "Title": "Kimi to Koete Koi ni Naru"
  },
  {
    "Id": "kimi-wa-houkago-insomnia",
    "Title": "Kimi wa Houkago Insomnia"
  },
  {
    "Id": "kimi-wa-kanata",
    "Title": "Kimi wa Kanata"
  },
  {
    "Id": "kimi-wa-meido-sama",
    "Title": "Kimi wa Meido-sama"
  },
  {
    "Id": "kimi-wo-aishita-hitori-no-boku-e",
    "Title": "Kimi wo Aishita Hitori no Boku e"
  },
  {
    "Id": "kimizero",
    "Title": "Kimizero"
  },
  {
    "Id": "kings-raid-ishi-wo-tsugu-mono-tachi",
    "Title": "King\u0027s Raid - Ishi wo Tsugu Mono-tachi"
  },
  {
    "Id": "kingdom-s3",
    "Title": "Kingdom S3"
  },
  {
    "Id": "kingdom-s4",
    "Title": "Kingdom S4"
  },
  {
    "Id": "kingdom-s5",
    "Title": "Kingdom S5"
  },
  {
    "Id": "kingdom-s6",
    "Title": "Kingdom S6"
  },
  {
    "Id": "kinoko-inu",
    "Title": "Kinoko Inu"
  },
  {
    "Id": "kinomi-master",
    "Title": "Kinomi Master"
  },
  {
    "Id": "kinsou-no-vermeil",
    "Title": "Kinsou no Vermeil"
  },
  {
    "Id": "kisaki-kyouiku-kara-nigetai-watashi",
    "Title": "Kisaki Kyouiku kara Nigetai Watashi"
  },
  {
    "Id": "kizetsu-yuusha-to-ansatsu-hime",
    "Title": "Kizetsu Yuusha to Ansatsu Hime"
  },
  {
    "Id": "kizumonogatari-koyomi-vamp",
    "Title": "Kizumonogatari - Koyomi Vamp"
  },
  {
    "Id": "kizuna-no-allele",
    "Title": "Kizuna no Allele"
  },
  {
    "Id": "knights-of-the-zodiac-saint-seiya-s2",
    "Title": "Knights of the Zodiac - Saint Seiya S2"
  },
  {
    "Id": "knights-of-the-zodiac-saint-seiya-s2-part-2",
    "Title": "Knights of the Zodiac - Saint Seiya S2 Part 2"
  },
  {
    "Id": "kobayashi-san-chi-no-maid-dragon-s2",
    "Title": "Kobayashi-san Chi no Maid Dragon S2"
  },
  {
    "Id": "kobayashi-san-chi-no-maid-dragon-s2-shorts",
    "Title": "Kobayashi-san Chi no Maid Dragon S2 Shorts"
  },
  {
    "Id": "koi-to-yobu-ni-wa-kimochi-warui",
    "Title": "Koi to Yobu ni wa Kimochi Warui"
  },
  {
    "Id": "koi-wa-futago-de-warikirenai",
    "Title": "Koi wa Futago de Warikirenai"
  },
  {
    "Id": "koi-wa-sekai-seifuku-no-ato-de",
    "Title": "Koi wa Sekai Seifuku no Ato de"
  },
  {
    "Id": "komi-san-wa-comyushou-desu",
    "Title": "Komi-san wa, Comyushou desu."
  },
  {
    "Id": "kono-healer-mendokusai",
    "Title": "Kono Healer, Mendokusai"
  },
  {
    "Id": "kono-sekai-wa-fukanzen-sugiru",
    "Title": "Kono Sekai wa Fukanzen Sugiru"
  },
  {
    "Id": "kono-subarashii-sekai-ni-bakuen-wo",
    "Title": "Kono Subarashii Sekai ni Bakuen wo!"
  },
  {
    "Id": "kono-subarashii-sekai-ni-shukufuku-wo-s3",
    "Title": "Kono Subarashii Sekai ni Shukufuku wo! S3"
  },
  {
    "Id": "koori-zokusei-danshi-to-cool-na-douryou-joshi",
    "Title": "Koori Zokusei Danshi to Cool na Douryou Joshi"
  },
  {
    "Id": "koroshi-ai",
    "Title": "Koroshi Ai"
  },
  {
    "Id": "koujo-denka-no-kateikyoushi",
    "Title": "Koujo Denka no Kateikyoushi"
  },
  {
    "Id": "koukyuu-no-karasu",
    "Title": "Koukyuu no Karasu"
  },
  {
    "Id": "kouryaku-wanted-isekai-sukuimasu",
    "Title": "Kouryaku Wanted - Isekai Sukuimasu"
  },
  {
    "Id": "kowloon-generic-romance",
    "Title": "Kowloon Generic Romance"
  },
  {
    "Id": "kubo-san-wa-mob-wo-yurusanai",
    "Title": "Kubo-san wa Mob wo Yurusanai"
  },
  {
    "Id": "kuma-kuma-kuma-bear",
    "Title": "Kuma Kuma Kuma Bear"
  },
  {
    "Id": "kuma-kuma-kuma-bear-s2",
    "Title": "Kuma Kuma Kuma Bear S2"
  },
  {
    "Id": "kumichou-musume-to-sewagakari",
    "Title": "Kumichou Musume to Sewagakari"
  },
  {
    "Id": "kumo-desu-ga-nani-ka",
    "Title": "Kumo desu ga, Nani ka"
  },
  {
    "Id": "kunoichi-tsubaki-no-mune-no-uchi",
    "Title": "Kunoichi Tsubaki no Mune no Uchi"
  },
  {
    "Id": "kuro-no-shoukanshi",
    "Title": "Kuro no Shoukanshi"
  },
  {
    "Id": "kuroiwa-medaka-ni-watashi-no-kawaii-ga-tsuujinai",
    "Title": "Kuroiwa Medaka ni Watashi no Kawaii ga Tsuujinai"
  },
  {
    "Id": "kuroshitsuji-kishuku-gakkou-hen",
    "Title": "Kuroshitsuji - Kishuku Gakkou-hen"
  },
  {
    "Id": "kuroshitsuji-midori-no-majo-hen",
    "Title": "Kuroshitsuji - Midori no Majo-hen"
  },
  {
    "Id": "kusoge-tte-iuna",
    "Title": "Kusoge-tte Iuna!"
  },
  {
    "Id": "kusuriya-no-hitorigoto",
    "Title": "Kusuriya no Hitorigoto"
  },
  {
    "Id": "kyokou-suiri",
    "Title": "Kyokou Suiri"
  },
  {
    "Id": "kyoukai-senki",
    "Title": "Kyoukai Senki"
  },
  {
    "Id": "kyuujitsu-no-warumono-san",
    "Title": "Kyuujitsu no Warumono-san"
  },
  {
    "Id": "kyuuketsuki-sugu-shinu",
    "Title": "Kyuuketsuki Sugu Shinu"
  },
  {
    "Id": "kyuuketsuki-sugu-shinu-s2",
    "Title": "Kyuuketsuki Sugu Shinu S2"
  },
  {
    "Id": "tatoeba-last-dungeon-mae-no-mura-no-shounen-ga-joban-no-machi-de-kurasu-youna-monogatari",
    "Title": "Last Dungeon"
  },
  {
    "Id": "lastame",
    "Title": "LasTame"
  },
  {
    "Id": "leadale-no-daichi-nite",
    "Title": "Leadale no Daichi nite"
  },
  {
    "Id": "lees-detective-agency",
    "Title": "Lee\u0027s Detective Agency"
  },
  {
    "Id": "left-hand-layup",
    "Title": "Left-Hand Layup"
  },
  {
    "Id": "left-hand-layup-s2",
    "Title": "Left-Hand Layup S2"
  },
  {
    "Id": "legend-of-the-galactic-heroes-die-neue-these",
    "Title": "Legend of the Galactic Heroes - Die Neue These"
  },
  {
    "Id": "lets-play-quest-darake-no-my-life",
    "Title": "Let\u0027s Play - Quest-darake no My Life"
  },
  {
    "Id": "level-1-dakedo-unique-skill-de-saikyou-desu",
    "Title": "Level 1 dakedo Unique Skill de Saikyou desu"
  },
  {
    "Id": "liar-liar",
    "Title": "Liar Liar"
  },
  {
    "Id": "link-click",
    "Title": "Link Click"
  },
  {
    "Id": "link-click-bridon-arc",
    "Title": "Link Click - Bridon Arc"
  },
  {
    "Id": "link-click-s2",
    "Title": "Link Click S2"
  },
  {
    "Id": "log-horizon-s3",
    "Title": "Log Horizon S3"
  },
  {
    "Id": "lord-el-melloi-ii-case-files",
    "Title": "Lord El-Melloi II Case Files"
  },
  {
    "Id": "lord-of-mysteries",
    "Title": "Lord of Mysteries"
  },
  {
    "Id": "lord-of-mysteries",
    "Title": "Lord of Mysteries - Chibi Theatre"
  },
  {
    "Id": "lord-of-mysteries",
    "Title": "Lord of Mysteries - Old Neil\u0027s Mysticism Class"
  },
  {
    "Id": "love-all-play",
    "Title": "Love All Play"
  },
  {
    "Id": "love-live-nijigasaki-gakuen-school-idol-doukoukai",
    "Title": "Love Live! Nijigasaki Gakuen School Idol Doukoukai"
  },
  {
    "Id": "love-live-nijigasaki-gakuen-school-idol-doukoukai-next-sky",
    "Title": "Love Live! Nijigasaki Gakuen School Idol Doukoukai - Next Sky"
  },
  {
    "Id": "love-live-nijigasaki-gakuen-school-idol-doukoukai-s2",
    "Title": "Love Live! Nijigasaki Gakuen School Idol Doukoukai S2"
  },
  {
    "Id": "love-live-superstar",
    "Title": "Love Live! Superstar!!"
  },
  {
    "Id": "love-live-superstar-s2",
    "Title": "Love Live! Superstar!! S2"
  },
  {
    "Id": "love-live-superstar-s3",
    "Title": "Love Live! Superstar!! S3"
  },
  {
    "Id": "luminous-witches",
    "Title": "Luminous Witches"
  },
  {
    "Id": "lupin-iii-part-6",
    "Title": "Lupin III - Part 6"
  },
  {
    "Id": "lupin-zero",
    "Title": "Lupin Zero"
  },
  {
    "Id": "lv1-maou-to-one-room-yuusha",
    "Title": "Lv1 Maou to One Room Yuusha"
  },
  {
    "Id": "lv2-kara-cheat-datta-motoyuusha-kouho-no-mattari-isekai-life",
    "Title": "Lv2 kara Cheat datta Motoyuusha Kouho no Mattari Isekai Life"
  },
  {
    "Id": "lycoris-recoil",
    "Title": "Lycoris Recoil"
  },
  {
    "Id": "lycoris-recoil-friends-are-thieves-of-time",
    "Title": "Lycoris Recoil - Friends are thieves of time."
  },
  {
    "Id": "machikado-mazoku-s2",
    "Title": "Machikado Mazoku S2"
  },
  {
    "Id": "made-in-abyss-retsujitsu-no-ougonkyou",
    "Title": "Made in Abyss - Retsujitsu no Ougonkyou"
  },
  {
    "Id": "madome",
    "Title": "Madome"
  },
  {
    "Id": "madougushi-dahliya-wa-utsumukanai",
    "Title": "Madougushi Dahliya wa Utsumukanai"
  },
  {
    "Id": "maebashi-witches",
    "Title": "Maebashi Witches"
  },
  {
    "Id": "maesetsu",
    "Title": "Maesetsu!"
  },
  {
    "Id": "magatsu-wahrheit-zuerst",
    "Title": "Magatsu Wahrheit - Zuerst"
  },
  {
    "Id": "magia-record-final-season",
    "Title": "Magia Record Final Season"
  },
  {
    "Id": "magia-record-s2",
    "Title": "Magia Record S2"
  },
  {
    "Id": "magic-maker-isekai-mahou-no-tsukurikata",
    "Title": "Magic Maker - Isekai Mahou no Tsukurikata"
  },
  {
    "Id": "mahou-shoujo-magical-destroyers",
    "Title": "Mahou Shoujo Magical Destroyers"
  },
  {
    "Id": "mahou-shoujo-ni-akogarete",
    "Title": "Mahou Shoujo ni Akogarete"
  },
  {
    "Id": "mahouka-koukou-no-rettousei-tsuioku-hen",
    "Title": "Mahouka Koukou no Rettousei - Tsuioku-hen"
  },
  {
    "Id": "mahouka-koukou-no-rettousei-s2",
    "Title": "Mahouka Koukou no Rettousei S2"
  },
  {
    "Id": "mahouka-koukou-no-rettousei-s3",
    "Title": "Mahouka Koukou no Rettousei S3"
  },
  {
    "Id": "mahouka-koukou-no-yuutousei",
    "Title": "Mahouka Koukou no Yuutousei"
  },
  {
    "Id": "mahoutsukai-ni-narenakatta-onnanoko-no-hanashi",
    "Title": "Mahoutsukai ni Narenakatta Onnanoko no Hanashi"
  },
  {
    "Id": "mahoutsukai-no-yakusoku",
    "Title": "Mahoutsukai no Yakusoku"
  },
  {
    "Id": "mahoutsukai-no-yome-nishi-no-shounen-to-seiran-no-kishi",
    "Title": "Mahoutsukai no Yome - Nishi no Shounen to Seiran no Kishi"
  },
  {
    "Id": "mahoutsukai-no-yome-s2",
    "Title": "Mahoutsukai no Yome S2"
  },
  {
    "Id": "mahoutsukai-precure-mirai-days",
    "Title": "Mahoutsukai Precure!! Mirai Days"
  },
  {
    "Id": "mahoutsukai-reimeiki",
    "Title": "Mahoutsukai Reimeiki"
  },
  {
    "Id": "maiko-san-chi-no-makanai-san",
    "Title": "Maiko-san Chi no Makanai-san"
  },
  {
    "Id": "mairimashita-iruma-kun-s2",
    "Title": "Mairimashita! Iruma-kun S2"
  },
  {
    "Id": "mairimashita-iruma-kun-s3",
    "Title": "Mairimashita! Iruma-kun S3"
  },
  {
    "Id": "majo-no-tabitabi",
    "Title": "Majo no Tabitabi"
  },
  {
    "Id": "majo-to-yajuu",
    "Title": "Majo to Yajuu"
  },
  {
    "Id": "major-2nd-s2",
    "Title": "Major 2nd S2"
  },
  {
    "Id": "majutsushi-orphen-hagure-tabi-s2",
    "Title": "Majutsushi Orphen Hagure Tabi S2"
  },
  {
    "Id": "majutsushi-orphen-hagure-tabi-s3",
    "Title": "Majutsushi Orphen Hagure Tabi S3"
  },
  {
    "Id": "majutsushi-orphen-hagure-tabi-s4",
    "Title": "Majutsushi Orphen Hagure Tabi S4"
  },
  {
    "Id": "make-heroine-ga-oosugiru",
    "Title": "Make Heroine ga Oosugiru!"
  },
  {
    "Id": "mamahaha-no-tsurego-ga-motokano-datta",
    "Title": "Mamahaha no Tsurego ga Motokano datta"
  },
  {
    "Id": "maou-2099",
    "Title": "Maou 2099"
  },
  {
    "Id": "maou-gakuin-no-futekigousha-s2",
    "Title": "Maou Gakuin no Futekigousha S2"
  },
  {
    "Id": "maou-jou-de-oyasumi",
    "Title": "Maou-jou de Oyasumi"
  },
  {
    "Id": "maou-sama-retry-r",
    "Title": "Maou-sama, Retry! R"
  },
  {
    "Id": "maougun-saikyou-no-majutsushi-wa-ningen-datta",
    "Title": "Maougun Saikyou no Majutsushi wa Ningen datta"
  },
  {
    "Id": "mars-red",
    "Title": "Mars Red"
  },
  {
    "Id": "masamune-kun-no-revenge-s2",
    "Title": "Masamune-kun no Revenge S2"
  },
  {
    "Id": "mashiro-no-oto",
    "Title": "Mashiro no Oto"
  },
  {
    "Id": "mashle",
    "Title": "Mashle"
  },
  {
    "Id": "mato-seihei-no-slave",
    "Title": "Mato Seihei no Slave"
  },
  {
    "Id": "mattaku-saikin-no-tantei-to-kitara",
    "Title": "Mattaku Saikin no Tantei to Kitara"
  },
  {
    "Id": "mayonaka-punch",
    "Title": "Mayonaka Punch"
  },
  {
    "Id": "mecha-ude",
    "Title": "Mecha-ude"
  },
  {
    "Id": "megami-no-cafe-terrace",
    "Title": "Megami no Cafe Terrace"
  },
  {
    "Id": "megami-ryou-no-ryoubo-kun",
    "Title": "Megami-ryou no Ryoubo-kun."
  },
  {
    "Id": "megaton-kyuu-musashi",
    "Title": "Megaton-kyuu Musashi"
  },
  {
    "Id": "megumi-no-daigo-kyuukoku-no-orange",
    "Title": "Megumi no Daigo - Kyuukoku no Orange"
  },
  {
    "Id": "meiji-gekken-1874",
    "Title": "Meiji Gekken 1874"
  },
  {
    "Id": "meikyuu-black-company",
    "Title": "Meikyuu Black Company"
  },
  {
    "Id": "metallic-rouge",
    "Title": "Metallic Rouge"
  },
  {
    "Id": "mf-ghost",
    "Title": "MF Ghost"
  },
  {
    "Id": "mieruko-chan",
    "Title": "Mieruko-chan"
  },
  {
    "Id": "migi-to-dali",
    "Title": "Migi to Dali"
  },
  {
    "Id": "mikadono-sanshimai-wa-angai-choroi",
    "Title": "Mikadono Sanshimai wa Angai, Choroi."
  },
  {
    "Id": "mikata-ga-yowasugite-hojo-mahou",
    "Title": "Mikata ga Yowasugite Hojo Mahou"
  },
  {
    "Id": "miru-watashi-no-mirai",
    "Title": "Miru - Watashi no Mirai"
  },
  {
    "Id": "mix-meisei-story-s2",
    "Title": "Mix - Meisei Story S2"
  },
  {
    "Id": "mizuzokusei-no-mahoutsukai",
    "Title": "Mizuzokusei no Mahoutsukai"
  },
  {
    "Id": "mo-dao-zu-shi",
    "Title": "Mo Dao Zu Shi"
  },
  {
    "Id": "mo-dao-zu-shi-q",
    "Title": "Mo Dao Zu Shi Q"
  },
  {
    "Id": "mob-kara-hajimaru-tansaku-eiyuutan",
    "Title": "Mob kara Hajimaru Tansaku Eiyuutan"
  },
  {
    "Id": "mob-psycho-100-s3",
    "Title": "Mob Psycho 100 S3"
  },
  {
    "Id": "mobile-suit-gundam-cucuruz-doans-island",
    "Title": "Mobile Suit Gundam - Cucuruz Doan\u0027s Island"
  },
  {
    "Id": "mobile-suit-gundam-the-witch-from-mercury",
    "Title": "Mobile Suit Gundam - The Witch from Mercury"
  },
  {
    "Id": "mobile-suit-gundam-seed-freedom",
    "Title": "Mobile Suit Gundam SEED Freedom"
  },
  {
    "Id": "momentary-lily",
    "Title": "Momentary Lily"
  },
  {
    "Id": "momochi-san-chi-no-ayakashi-ouji",
    "Title": "Momochi-san Chi no Ayakashi Ouji"
  },
  {
    "Id": "mono",
    "Title": "mono"
  },
  {
    "Id": "monogatari-series-off-monster-season",
    "Title": "Monogatari Series - Off \u0026 Monster Season"
  },
  {
    "Id": "mononogatari",
    "Title": "Mononogatari"
  },
  {
    "Id": "mou-ippon",
    "Title": "Mou Ippon!"
  },
  {
    "Id": "muchuu-sa-kimi-ni",
    "Title": "Muchuu sa, Kimi ni."
  },
  {
    "Id": "mugen-gacha",
    "Title": "Mugen Gacha"
  },
  {
    "Id": "munou-na-nana",
    "Title": "Munou na Nana"
  },
  {
    "Id": "musashino",
    "Title": "Musashino!"
  },
  {
    "Id": "mushikaburi-hime",
    "Title": "Mushikaburi Hime"
  },
  {
    "Id": "mushoku-no-eiyuu",
    "Title": "Mushoku no Eiyuu"
  },
  {
    "Id": "mushoku-tensei",
    "Title": "Mushoku Tensei"
  },
  {
    "Id": "mushoku-tensei-s2",
    "Title": "Mushoku Tensei S2"
  },
  {
    "Id": "muteking-the-dancing-hero",
    "Title": "Muteking the Dancing Hero"
  },
  {
    "Id": "muv-luv-alternative",
    "Title": "Muv-Luv Alternative"
  },
  {
    "Id": "my-home-hero",
    "Title": "My Home Hero"
  },
  {
    "Id": "na-nare-hana-nare",
    "Title": "Na Nare Hana Nare"
  },
  {
    "Id": "nageki-no-bourei-wa-intai-shitai",
    "Title": "Nageki no Bourei wa Intai shitai"
  },
  {
    "Id": "nanatsu-no-maken-ga-shihai-suru",
    "Title": "Nanatsu no Maken ga Shihai suru"
  },
  {
    "Id": "natsu-e-no-tunnel-sayonara-no-deguchi",
    "Title": "Natsu e no Tunnel, Sayonara no Deguchi"
  },
  {
    "Id": "natsume-yuujinchou-s7",
    "Title": "Natsume Yuujinchou S7"
  },
  {
    "Id": "naze-boku-no-sekai-wo-daremo-oboeteinai-no-ka",
    "Title": "Naze Boku no Sekai wo Daremo Oboeteinai no ka"
  },
  {
    "Id": "necronomico-no-cosmic-horror-show",
    "Title": "Necronomico no Cosmic Horror Show"
  },
  {
    "Id": "neet-kunoichi-to-nazeka-dousei-hajimemashita",
    "Title": "NEET Kunoichi to Nazeka Dousei Hajimemashita"
  },
  {
    "Id": "negaposi-angler",
    "Title": "NegaPosi Angler"
  },
  {
    "Id": "niehime-to-kemono-no-ou",
    "Title": "Niehime to Kemono no Ou"
  },
  {
    "Id": "nier-automata-ver1-1a",
    "Title": "NieR Automata Ver1.1a"
  },
  {
    "Id": "nige-jouzu-no-wakagimi",
    "Title": "Nige Jouzu no Wakagimi"
  },
  {
    "Id": "night-head-2041",
    "Title": "Night Head 2041"
  },
  {
    "Id": "nihon-e-youkoso-elf-san",
    "Title": "Nihon e Youkoso Elf-san"
  },
  {
    "Id": "nijiyon-animation",
    "Title": "Nijiyon Animation"
  },
  {
    "Id": "nijiyon-animation-s2",
    "Title": "Nijiyon Animation S2"
  },
  {
    "Id": "ningen-fushin",
    "Title": "Ningen Fushin"
  },
  {
    "Id": "ninja-to-koroshiya-no-futarigurashi",
    "Title": "Ninja to Koroshiya no Futarigurashi"
  },
  {
    "Id": "nishi-no-yoki-majo-astraea-testament",
    "Title": "Nishi no Yoki Majo - Astraea Testament"
  },
  {
    "Id": "noblesse",
    "Title": "Noblesse"
  },
  {
    "Id": "nokemono-tachi-no-yoru",
    "Title": "Nokemono-tachi no Yoru"
  },
  {
    "Id": "nomad-megalo-box-2",
    "Title": "Nomad - Megalo Box 2"
  },
  {
    "Id": "non-non-biyori-nonstop",
    "Title": "Non Non Biyori Nonstop"
  },
  {
    "Id": "noumin-kanren-no-skill-bakka-agetetara-nazeka-tsuyoku-natta",
    "Title": "Noumin Kanren no Skill bakka Agetetara Nazeka Tsuyoku Natta"
  },
  {
    "Id": "nozomanu-fushi-no-boukensha",
    "Title": "Nozomanu Fushi no Boukensha"
  },
  {
    "Id": "nyaight-of-the-living-cat",
    "Title": "Nyaight of the Living Cat"
  },
  {
    "Id": "obey-me",
    "Title": "Obey Me!"
  },
  {
    "Id": "obey-me-s2",
    "Title": "Obey Me! S2"
  },
  {
    "Id": "ochikobore-fruit-tart",
    "Title": "Ochikobore Fruit Tart"
  },
  {
    "Id": "odd-taxi",
    "Title": "Odd Taxi"
  },
  {
    "Id": "ojou-to-banken-kun",
    "Title": "Ojou to Banken-kun"
  },
  {
    "Id": "okashi-na-tensei",
    "Title": "Okashi na Tensei"
  },
  {
    "Id": "okitsura",
    "Title": "Okitsura"
  },
  {
    "Id": "one-piece",
    "Title": "One Piece"
  },
  {
    "Id": "one-piece-fan-letter",
    "Title": "One Piece Fan Letter"
  },
  {
    "Id": "one-piece-log-fish-man-island-saga",
    "Title": "One Piece Log - Fish-Man Island Saga"
  },
  {
    "Id": "one-room-s3",
    "Title": "One Room S3"
  },
  {
    "Id": "one-room-hiatari-futsuu-tenshi-tsuki",
    "Title": "One Room, Hiatari Futsuu, Tenshi-tsuki"
  },
  {
    "Id": "one-punch-man-s3",
    "Title": "One-Punch Man S3"
  },
  {
    "Id": "oniichan-wa-oshimai",
    "Title": "Oniichan wa Oshimai!"
  },
  {
    "Id": "onipan",
    "Title": "Onipan!"
  },
  {
    "Id": "onmyo-kaiten-re-birth-verse",
    "Title": "Onmyo Kaiten Re Birth Verse"
  },
  {
    "Id": "ooyukiumi-no-kaina",
    "Title": "Ooyukiumi no Kaina"
  },
  {
    "Id": "opus-colors",
    "Title": "Opus.COLORs"
  },
  {
    "Id": "ore-dake-haireru-kakushi-dungeon",
    "Title": "Ore dake Haireru Kakushi Dungeon"
  },
  {
    "Id": "ore-wa-seikan-kokka-no-akutoku-ryoushu",
    "Title": "Ore wa Seikan Kokka no Akutoku Ryoushu"
  },
  {
    "Id": "ore-wa-subete-wo-parry-suru",
    "Title": "Ore wa Subete wo Parry suru"
  },
  {
    "Id": "orient",
    "Title": "Orient"
  },
  {
    "Id": "oroka-na-tenshi-wa-akuma-to-odoru",
    "Title": "Oroka na Tenshi wa Akuma to Odoru"
  },
  {
    "Id": "osananajimi-ga-zettai-ni-makenai-love-comedy",
    "Title": "Osananajimi ga Zettai ni Makenai Love Comedy"
  },
  {
    "Id": "oshi-no-ko",
    "Title": "Oshi no Ko"
  },
  {
    "Id": "osomatsu-san-s3",
    "Title": "Osomatsu-san S3"
  },
  {
    "Id": "osomatsu-san-s4",
    "Title": "Osomatsu-san S4"
  },
  {
    "Id": "otome-game-sekai-wa-mob-ni-kibishii-sekai-desu",
    "Title": "Otome Game Sekai wa Mob ni Kibishii Sekai desu"
  },
  {
    "Id": "otona-no-bouguya-san-s2",
    "Title": "Otona no Bouguya-san S2"
  },
  {
    "Id": "otonari-ni-ginga",
    "Title": "Otonari ni Ginga"
  },
  {
    "Id": "otonari-no-tenshi-sama-ni-itsunomanika-dame-ningen-ni-sareteita-ken",
    "Title": "Otonari no Tenshi-sama ni Itsunomanika Dame Ningen ni Sareteita Ken"
  },
  {
    "Id": "ousama-ranking",
    "Title": "Ousama Ranking"
  },
  {
    "Id": "ousama-ranking-yuuki-no-takarabako",
    "Title": "Ousama Ranking - Yuuki no Takarabako"
  },
  {
    "Id": "overlord-iv",
    "Title": "Overlord IV"
  },
  {
    "Id": "overlord-movie-sei-oukoku-hen",
    "Title": "Overlord Movie - Sei Oukoku-hen"
  },
  {
    "Id": "overtake",
    "Title": "Overtake!"
  },
  {
    "Id": "paradox-live",
    "Title": "Paradox Live"
  },
  {
    "Id": "paripi-koumei",
    "Title": "Paripi Koumei"
  },
  {
    "Id": "paripi-koumei",
    "Title": "Paripi Koumei - Road to Summer Sonia"
  },
  {
    "Id": "party-kara-tsuihou-sareta-sono-chiyushi-jitsu-wa-saikyou-ni-tsuki",
    "Title": "Party kara Tsuihou sareta Sono Chiyushi, Jitsu wa Saikyou ni Tsuki"
  },
  {
    "Id": "peach-boy-riverside",
    "Title": "Peach Boy Riverside"
  },
  {
    "Id": "peter-grill-to-kenja-no-jikan-s2",
    "Title": "Peter Grill to Kenja no Jikan S2"
  },
  {
    "Id": "platinum-end",
    "Title": "Platinum End"
  },
  {
    "Id": "pop-team-epic-s2",
    "Title": "Pop Team Epic S2"
  },
  {
    "Id": "potion-danomi-de-ikinobimasu",
    "Title": "Potion-danomi de Ikinobimasu!"
  },
  {
    "Id": "prima-doll",
    "Title": "Prima Doll"
  },
  {
    "Id": "princess-connect-re-dive-s2",
    "Title": "Princess Connect! Re-Dive S2"
  },
  {
    "Id": "princess-principal-crown-handler",
    "Title": "Princess Principal - Crown Handler"
  },
  {
    "Id": "project-scard-praeter-no-kizu",
    "Title": "Project Scard - Praeter no Kizu"
  },
  {
    "Id": "psycho-pass-movie-providence",
    "Title": "Psycho-Pass Movie - Providence"
  },
  {
    "Id": "puniru-wa-kawaii-slime",
    "Title": "Puniru wa Kawaii Slime"
  },
  {
    "Id": "puraore-pride-of-orange",
    "Title": "Puraore! Pride of Orange"
  },
  {
    "Id": "ragna-crimson",
    "Title": "Ragna Crimson"
  },
  {
    "Id": "rail-romanesque",
    "Title": "Rail Romanesque"
  },
  {
    "Id": "rail-romanesque-s2",
    "Title": "Rail Romanesque S2"
  },
  {
    "Id": "raise-wa-tanin-ga-ii",
    "Title": "Raise wa Tanin ga Ii"
  },
  {
    "Id": "ramen-akaneko",
    "Title": "Ramen Akaneko"
  },
  {
    "Id": "re-monster",
    "Title": "Re Monster"
  },
  {
    "Id": "re-zero-kara-hajimeru-isekai-seikatsu",
    "Title": "Re Zero kara Hajimeru Isekai Seikatsu"
  },
  {
    "Id": "re-cycle-of-the-penguindrum",
    "Title": "Re-cycle of the Penguindrum"
  },
  {
    "Id": "re-main",
    "Title": "Re-Main"
  },
  {
    "Id": "rekishi-ni-nokoru-akujo-ni-naru-zo",
    "Title": "Rekishi ni Nokoru Akujo ni Naru zo"
  },
  {
    "Id": "renai-flops",
    "Title": "Renai Flops"
  },
  {
    "Id": "renegade-immortal",
    "Title": "Renegade Immortal"
  },
  {
    "Id": "revenger",
    "Title": "Revenger"
  },
  {
    "Id": "rikei-ga-koi-ni-ochita-no-de-shoumei-shitemita-s2",
    "Title": "Rikei ga Koi ni Ochita no de Shoumei shitemita S2"
  },
  {
    "Id": "rock-wa-lady-no-tashinami-deshite",
    "Title": "Rock wa Lady no Tashinami deshite"
  },
  {
    "Id": "rokudou-no-onna-tachi",
    "Title": "Rokudou no Onna-tachi"
  },
  {
    "Id": "rougo-ni-sonaete-isekai-de-8-manmai-no-kinka-wo-tamemasu",
    "Title": "Rougo ni Sonaete Isekai de 8-manmai no Kinka wo Tamemasu"
  },
  {
    "Id": "rpg-fudousan",
    "Title": "RPG Fudousan"
  },
  {
    "Id": "ruri-no-houseki",
    "Title": "Ruri no Houseki"
  },
  {
    "Id": "rurouni-kenshin-2023",
    "Title": "Rurouni Kenshin (2023)"
  },
  {
    "Id": "rwby-hyousetsu-teikoku",
    "Title": "RWBY - Hyousetsu Teikoku"
  },
  {
    "Id": "rymans-club",
    "Title": "Ryman\u0027s Club"
  },
  {
    "Id": "ryza-no-atelier",
    "Title": "Ryza no Atelier"
  },
  {
    "Id": "s-rank-musume",
    "Title": "S-Rank Musume"
  },
  {
    "Id": "sabiiro-no-armor-reimei",
    "Title": "Sabiiro no Armor - Reimei"
  },
  {
    "Id": "sabikui-bisco",
    "Title": "Sabikui Bisco"
  },
  {
    "Id": "saezuru-tori-wa-habatakanai",
    "Title": "Saezuru Tori wa Habatakanai - The Clouds Gather"
  },
  {
    "Id": "saigo-ni-hitotsu-dake-onegai-shitemo-yoroshii-deshou-ka",
    "Title": "Saigo ni Hitotsu dake Onegai Shitemo Yoroshii Deshou ka"
  },
  {
    "Id": "saihate-no-paladin",
    "Title": "Saihate no Paladin"
  },
  {
    "Id": "saihate-no-paladin-s2",
    "Title": "Saihate no Paladin S2"
  },
  {
    "Id": "saijaku-tamer-wa-gomi-hiroi-no-tabi-wo-hajimemashita",
    "Title": "Saijaku Tamer wa Gomi Hiroi no Tabi wo Hajimemashita"
  },
  {
    "Id": "saikin-yatotta-maid-ga-ayashii",
    "Title": "Saikin Yatotta Maid ga Ayashii"
  },
  {
    "Id": "saikyou-onmyouji-no-isekai-tenseiki",
    "Title": "Saikyou Onmyouji no Isekai Tenseiki"
  },
  {
    "Id": "saikyou-tank-no-meikyuu-kouryaku",
    "Title": "Saikyou Tank no Meikyuu Kouryaku"
  },
  {
    "Id": "saiyuuki-reload-zeroin",
    "Title": "Saiyuuki Reload - Zeroin"
  },
  {
    "Id": "sakugan",
    "Title": "Sakugan"
  },
  {
    "Id": "salaryman-ga-isekai-ni-ittara-shitennou-ni-natta-hanashi",
    "Title": "Salaryman ga Isekai ni Ittara Shitennou ni Natta Hanashi"
  },
  {
    "Id": "sankaku-mado-no-sotogawa-wa-yoru",
    "Title": "Sankaku Mado no Sotogawa wa Yoru"
  },
  {
    "Id": "sasaki-to-miyano",
    "Title": "Sasaki to Miyano"
  },
  {
    "Id": "sasaki-to-miyano-sotsugyou-hen",
    "Title": "Sasaki to Miyano - Sotsugyou-hen"
  },
  {
    "Id": "sasaki-to-pii-chan",
    "Title": "Sasaki to Pii-chan"
  },
  {
    "Id": "sasayaku-you-ni-koi-wo-utau",
    "Title": "Sasayaku You ni Koi wo Utau"
  },
  {
    "Id": "sawaranaide-kotesashi-kun",
    "Title": "Sawaranaide Kotesashi-kun"
  },
  {
    "Id": "sayonara-watashi-no-cramer",
    "Title": "Sayonara Watashi no Cramer"
  },
  {
    "Id": "sayonara-watashi-no-cramer-first-touch",
    "Title": "Sayonara Watashi no Cramer - First Touch"
  },
  {
    "Id": "sayounara-ryuusei-konnichiwa-jinsei",
    "Title": "Sayounara Ryuusei, Konnichiwa Jinsei"
  },
  {
    "Id": "scarlet-nexus",
    "Title": "Scarlet Nexus"
  },
  {
    "Id": "sd-gundam-world-heroes",
    "Title": "SD Gundam World Heroes"
  },
  {
    "Id": "seija-musou",
    "Title": "Seija Musou"
  },
  {
    "Id": "seijo-no-maryoku-wa-bannou-desu",
    "Title": "Seijo no Maryoku wa Bannou Desu"
  },
  {
    "Id": "seijo-no-maryoku-wa-bannou-desu-s2",
    "Title": "Seijo no Maryoku wa Bannou Desu S2"
  },
  {
    "Id": "seiken-densetsu-legend-of-mana-the-teardrop-crystal",
    "Title": "Seiken Densetsu - Legend of Mana - The Teardrop Crystal"
  },
  {
    "Id": "seiken-gakuin-no-makentsukai",
    "Title": "Seiken Gakuin no Makentsukai"
  },
  {
    "Id": "seirei-gensouki",
    "Title": "Seirei Gensouki"
  },
  {
    "Id": "seirei-gensouki-s2",
    "Title": "Seirei Gensouki S2"
  },
  {
    "Id": "seishun-buta-yarou-wa-odekake-sister-no-yume-wo-minai",
    "Title": "Seishun Buta Yarou wa Odekake Sister no Yume wo Minai"
  },
  {
    "Id": "seishun-buta-yarou-wa-randoseru-girl-no-yume-wo-minai",
    "Title": "Seishun Buta Yarou wa Randoseru Girl no Yume wo Minai"
  },
  {
    "Id": "seishun-buta-yarou-wa-santa-claus-no-yume-wo-minai",
    "Title": "Seishun Buta Yarou wa Santa Claus no Yume wo Minai"
  },
  {
    "Id": "seishun-buta-yarou-wa-yumemiru-shoujo-no-yume-wo-minai",
    "Title": "Seishun Buta Yarou wa Yumemiru Shoujo no Yume wo Minai"
  },
  {
    "Id": "seiyuu-radio-no-uraomote",
    "Title": "Seiyuu Radio no Uraomote"
  },
  {
    "Id": "sekai-ga-horobiru-mae-ni-kimi-ni-aitai",
    "Title": "Sekai ga Horobiru Mae ni Kimi ni Aitai"
  },
  {
    "Id": "sekai-saikou-no-ansatsusha-isekai-kizoku-ni-tensei-suru",
    "Title": "Sekai Saikou no Ansatsusha, Isekai Kizoku ni Tensei suru"
  },
  {
    "Id": "selection-project",
    "Title": "Selection Project"
  },
  {
    "Id": "sengoku-youko",
    "Title": "Sengoku Youko"
  },
  {
    "Id": "senpai-ga-uzai-kouhai-no-hanashi",
    "Title": "Senpai ga Uzai Kouhai no Hanashi"
  },
  {
    "Id": "senpai-wa-otokonoko",
    "Title": "Senpai wa Otokonoko"
  },
  {
    "Id": "senpai-wa-otokonoko-movie-ame-nochi-hare",
    "Title": "Senpai wa Otokonoko Movie - Ame Nochi Hare"
  },
  {
    "Id": "sentai-red-isekai-de-boukensha-ni-naru",
    "Title": "Sentai Red Isekai de Boukensha ni Naru"
  },
  {
    "Id": "sentouin-hakenshimasu",
    "Title": "Sentouin, Hakenshimasu!"
  },
  {
    "Id": "senyoku-no-sigrdrifa",
    "Title": "Senyoku no Sigrdrifa"
  },
  {
    "Id": "seven-knights-revolution-eiyuu-no-keishousha",
    "Title": "Seven Knights Revolution - Eiyuu no Keishousha"
  },
  {
    "Id": "shabake",
    "Title": "Shabake"
  },
  {
    "Id": "shachiku-san-wa-youjo-yuurei-ni-iyasaretai",
    "Title": "Shachiku-san wa Youjo Yuurei ni Iyasaretai"
  },
  {
    "Id": "shadows-house",
    "Title": "Shadows House"
  },
  {
    "Id": "shadows-house-s2",
    "Title": "Shadows House S2"
  },
  {
    "Id": "shadowverse",
    "Title": "Shadowverse"
  },
  {
    "Id": "shadowverse-flame",
    "Title": "Shadowverse Flame"
  },
  {
    "Id": "shakunetsu-kabaddi",
    "Title": "Shakunetsu Kabaddi"
  },
  {
    "Id": "shangri-la-frontier",
    "Title": "Shangri-La Frontier"
  },
  {
    "Id": "shenmue-the-animation",
    "Title": "Shenmue the Animation"
  },
  {
    "Id": "shijou-saikyou-no-daimaou-murabito-a-ni-tensei-suru",
    "Title": "Shijou Saikyou no Daimaou, Murabito A ni Tensei suru"
  },
  {
    "Id": "shikanoko-nokonoko-koshitantan",
    "Title": "Shikanoko Nokonoko Koshitantan"
  },
  {
    "Id": "shikizakura",
    "Title": "Shikizakura"
  },
  {
    "Id": "shikkakumon-no-saikyou-kenja",
    "Title": "Shikkakumon no Saikyou Kenja"
  },
  {
    "Id": "shin-chuuka-ichiban",
    "Title": "Shin Chuuka Ichiban!"
  },
  {
    "Id": "shin-ikkitousen",
    "Title": "Shin Ikkitousen"
  },
  {
    "Id": "shin-no-nakama",
    "Title": "Shin no Nakama"
  },
  {
    "Id": "shin-no-nakama-s2",
    "Title": "Shin no Nakama S2"
  },
  {
    "Id": "shine-post",
    "Title": "Shine Post"
  },
  {
    "Id": "shingeki-no-kyojin",
    "Title": "Shingeki no Kyojin (The Final Season)"
  },
  {
    "Id": "shingeki-no-kyojin-chronicle",
    "Title": "Shingeki no Kyojin - Chronicle"
  },
  {
    "Id": "shingeki-no-kyojin-the-final-season-part-3",
    "Title": "Shingeki no Kyojin - The Final Season Part 3"
  },
  {
    "Id": "shingeki-no-kyojin-movie-the-last-attack",
    "Title": "Shingeki no Kyojin Movie - The Last Attack"
  },
  {
    "Id": "shinigami-bocchan-to-kuro-maid",
    "Title": "Shinigami Bocchan to Kuro Maid"
  },
  {
    "Id": "shinka-no-mi-shiranai-uchi-ni-kachigumi-jinsei",
    "Title": "Shinka no Mi - Shiranai Uchi ni Kachigumi Jinsei"
  },
  {
    "Id": "shinka-no-mi-s2",
    "Title": "Shinka no Mi S2"
  },
  {
    "Id": "shinmai-ossan-boukensha",
    "Title": "Shinmai Ossan Boukensha"
  },
  {
    "Id": "shinmai-renkinjutsushi-no-tenpo-keiei",
    "Title": "Shinmai Renkinjutsushi no Tenpo Keiei"
  },
  {
    "Id": "shinobi-no-ittoki",
    "Title": "Shinobi no Ittoki"
  },
  {
    "Id": "shiro-seijo-to-kuro-bokushi",
    "Title": "Shiro Seijo to Kuro Bokushi"
  },
  {
    "Id": "shirohiyo",
    "Title": "Shirohiyo"
  },
  {
    "Id": "shiroi-suna-no-aquatope",
    "Title": "Shiroi Suna no Aquatope"
  },
  {
    "Id": "shiunji-ke-no-kodomotachi",
    "Title": "Shiunji-ke no Kodomotachi"
  },
  {
    "Id": "shokei-shoujo-no-virgin-road",
    "Title": "Shokei Shoujo no Virgin Road"
  },
  {
    "Id": "shoot-goal-to-the-future",
    "Title": "Shoot! Goal to the Future"
  },
  {
    "Id": "shoushimin-series",
    "Title": "Shoushimin Series"
  },
  {
    "Id": "show-by-rock-stars",
    "Title": "Show by Rock!! Stars!!"
  },
  {
    "Id": "shuumatsu-no-harem",
    "Title": "Shuumatsu no Harem"
  },
  {
    "Id": "shuumatsu-touring",
    "Title": "Shuumatsu Touring"
  },
  {
    "Id": "shuumatsu-train-doko-e-iku",
    "Title": "Shuumatsu Train Doko e Iku"
  },
  {
    "Id": "shy",
    "Title": "SHY"
  },
  {
    "Id": "si-vis-the-sound-of-heroes",
    "Title": "SI-VIS - The Sound of Heroes"
  },
  {
    "Id": "silent-witch-chinmoku-no-majo-no-kakushigoto",
    "Title": "Silent Witch - Chinmoku no Majo no Kakushigoto"
  },
  {
    "Id": "sk8-the-infinity",
    "Title": "SK8 the Infinity"
  },
  {
    "Id": "skate-leading-stars",
    "Title": "Skate Leading Stars"
  },
  {
    "Id": "skip-to-loafer",
    "Title": "Skip to Loafer"
  },
  {
    "Id": "slime-taoshite-300-nen-shiranai-uchi-ni-level-max-ni-nattemashita",
    "Title": "Slime Taoshite 300-nen, Shiranai Uchi ni Level Max ni Nattemashita"
  },
  {
    "Id": "slime-taoshite-300-nen-shiranai-uchi-ni-level-max-ni-nattemashita-s2",
    "Title": "Slime Taoshite 300-nen, Shiranai Uchi ni Level Max ni Nattemashita S2"
  },
  {
    "Id": "slow-loop",
    "Title": "Slow Loop"
  },
  {
    "Id": "snack-basue",
    "Title": "Snack Basue"
  },
  {
    "Id": "sokushi-cheat",
    "Title": "Sokushi Cheat"
  },
  {
    "Id": "solo-leveling",
    "Title": "Solo Leveling"
  },
  {
    "Id": "sonny-boy",
    "Title": "Sonny Boy"
  },
  {
    "Id": "sono-bisque-doll-wa-koi-wo-suru",
    "Title": "Sono Bisque Doll wa Koi wo Suru"
  },
  {
    "Id": "sorairo-utility",
    "Title": "Sorairo Utility"
  },
  {
    "Id": "sore-dake-ga-neck",
    "Title": "Sore dake ga Neck"
  },
  {
    "Id": "soredemo-ayumu-wa-yosetekuru",
    "Title": "Soredemo Ayumu wa Yosetekuru"
  },
  {
    "Id": "soukou-musume-senki",
    "Title": "Soukou Musume Senki"
  },
  {
    "Id": "sousei-no-aquarion-myth-of-emotions",
    "Title": "Sousei no Aquarion - Myth of Emotions"
  },
  {
    "Id": "sousou-no-frieren",
    "Title": "Sousou no Frieren"
  },
  {
    "Id": "sozai-saishuka-no-isekai-ryokouki",
    "Title": "Sozai Saishuka no Isekai Ryokouki"
  },
  {
    "Id": "spice-and-wolf-2024",
    "Title": "Spice and Wolf (2024)"
  },
  {
    "Id": "spy-kyoushitsu",
    "Title": "Spy Kyoushitsu"
  },
  {
    "Id": "spy-x-family",
    "Title": "Spy x Family"
  },
  {
    "Id": "spy-x-family-code-white",
    "Title": "Spy x Family - Code White"
  },
  {
    "Id": "ssss-dynazenon",
    "Title": "SSSS.Dynazenon"
  },
  {
    "Id": "strawberry-prince-the-movie",
    "Title": "Strawberry Prince the Movie"
  },
  {
    "Id": "strike-witches-road-to-berlin",
    "Title": "Strike Witches - Road to Berlin"
  },
  {
    "Id": "subarashiki-kono-sekai-the-animation",
    "Title": "Subarashiki Kono Sekai The Animation"
  },
  {
    "Id": "sugar-apple-fairy-tale",
    "Title": "Sugar Apple Fairy Tale"
  },
  {
    "Id": "suki-na-ko-ga-megane-wo-wasureta",
    "Title": "Suki na Ko ga Megane wo Wasureta"
  },
  {
    "Id": "summer-pockets",
    "Title": "Summer Pockets"
  },
  {
    "Id": "super-cub",
    "Title": "Super Cub"
  },
  {
    "Id": "sword-art-online-alternative-gun-gale-online-s2",
    "Title": "Sword Art Online Alternative - Gun Gale Online S2"
  },
  {
    "Id": "ta-ga-tame-no-alchemist",
    "Title": "Ta ga Tame no Alchemist"
  },
  {
    "Id": "tadaima-okaeri",
    "Title": "Tadaima, Okaeri"
  },
  {
    "Id": "taishou-otome-otogibanashi",
    "Title": "Taishou Otome Otogibanashi"
  },
  {
    "Id": "taisou-zamurai",
    "Title": "Taisou Zamurai"
  },
  {
    "Id": "takopii-no-genzai",
    "Title": "Takopii no Genzai"
  },
  {
    "Id": "takt-op-destiny",
    "Title": "Takt Op. Destiny"
  },
  {
    "Id": "tales-of-crestoria-toga-waga-wo-shoite-kare-wa-tatsu",
    "Title": "Tales of Crestoria - Toga Waga wo Shoite Kare wa Tatsu"
  },
  {
    "Id": "tales-of-luminaria-the-fateful-crossroad",
    "Title": "Tales of Luminaria - The Fateful Crossroad"
  },
  {
    "Id": "tantei-wa-mou-shindeiru",
    "Title": "Tantei wa Mou, Shindeiru."
  },
  {
    "Id": "tasogare-out-focus",
    "Title": "Tasogare Out Focus"
  },
  {
    "Id": "tasuuketsu",
    "Title": "Tasuuketsu"
  },
  {
    "Id": "tate-no-yuusha-no-nariagari-s2",
    "Title": "Tate no Yuusha no Nariagari S2"
  },
  {
    "Id": "tate-no-yuusha-no-nariagari-s3",
    "Title": "Tate no Yuusha no Nariagari S3"
  },
  {
    "Id": "tate-no-yuusha-no-nariagari-s4",
    "Title": "Tate no Yuusha no Nariagari S4"
  },
  {
    "Id": "tatoeba-last-dungeon-mae-no-mura-no-shounen-ga-joban-no-machi-de-kurasu-youna-monogatari",
    "Title": "Tatoeba Last Dungeon Mae no Mura no Shounen ga Joban no Machi de Kurasu Youna Monogatari"
  },
  {
    "Id": "tearmoon-teikoku-monogatari",
    "Title": "Tearmoon Teikoku Monogatari"
  },
  {
    "Id": "technoroid-overmind",
    "Title": "Technoroid Overmind"
  },
  {
    "Id": "tenchi-muyou-gxp-paradise-shidou-hen",
    "Title": "Tenchi Muyou! GXP - Paradise Shidou-hen"
  },
  {
    "Id": "tenchi-souzou-design-bu",
    "Title": "Tenchi Souzou Design-bu"
  },
  {
    "Id": "tenpuru",
    "Title": "TenPuru"
  },
  {
    "Id": "tensai-ouji-no-akaji-kokka-saisei-jutsu",
    "Title": "Tensai Ouji no Akaji Kokka Saisei Jutsu"
  },
  {
    "Id": "tensei-akujo-no-kuro-rekishi",
    "Title": "Tensei Akujo no Kuro Rekishi"
  },
  {
    "Id": "tensei-kenja-no-isekai-life",
    "Title": "Tensei Kenja no Isekai Life"
  },
  {
    "Id": "tensei-kizoku-no-isekai-boukenroku",
    "Title": "Tensei Kizoku no Isekai Boukenroku"
  },
  {
    "Id": "tensei-kizoku-kantei-skill-de-nariagaru",
    "Title": "Tensei Kizoku, Kantei Skill de Nariagaru"
  },
  {
    "Id": "tensei-oujo-to-tensai-reijou-no-mahou-kakumei",
    "Title": "Tensei Oujo to Tensai Reijou no Mahou Kakumei"
  },
  {
    "Id": "tensei-shitara-ken-deshita",
    "Title": "Tensei Shitara Ken Deshita"
  },
  {
    "Id": "tensei-shitara-slime-datta-ken",
    "Title": "Tensei Shitara Slime Datta Ken"
  },
  {
    "Id": "tensei-shitara-slime-datta-ken-coleus-no-yume",
    "Title": "Tensei shitara Slime Datta Ken - Coleus no Yume"
  },
  {
    "Id": "tensei-shitara-slime-datta-ken-movie-guren-no-kizuna-hen",
    "Title": "Tensei shitara Slime Datta Ken Movie - Guren no Kizuna-hen"
  },
  {
    "Id": "tensei-shitara-slime-datta-ken-ova",
    "Title": "Tensei shitara Slime Datta Ken OVA"
  },
  {
    "Id": "tensui-no-sakuna-hime",
    "Title": "Tensui no Sakuna-hime"
  },
  {
    "Id": "tensura-nikki-tensei-shitara-slime-datta-ken",
    "Title": "Tensura Nikki - Tensei Shitara Slime Datta Ken"
  },
  {
    "Id": "teogonia",
    "Title": "Teogonia"
  },
  {
    "Id": "teppen",
    "Title": "Teppen"
  },
  {
    "Id": "tesla-note",
    "Title": "Tesla Note"
  },
  {
    "Id": "the-beginning-after-the-end",
    "Title": "The Beginning After the End"
  },
  {
    "Id": "the-daily-life-of-the-immortal-king",
    "Title": "The Daily Life of the Immortal King"
  },
  {
    "Id": "the-daily-life-of-the-immortal-king-s2",
    "Title": "The Daily Life of the Immortal King S2"
  },
  {
    "Id": "the-daily-life-of-the-immortal-king-s3",
    "Title": "The Daily Life of the Immortal King S3"
  },
  {
    "Id": "the-daily-life-of-the-immortal-king-s4",
    "Title": "The Daily Life of the Immortal King S4"
  },
  {
    "Id": "the-defective",
    "Title": "The Defective"
  },
  {
    "Id": "the-idolmster-cinderella-girls-u149",
    "Title": "The IDOLM@STER Cinderella Girls - U149"
  },
  {
    "Id": "the-idolmster-million-live",
    "Title": "The iDOLM@STER Million Live!"
  },
  {
    "Id": "the-idolmster-shiny-colors",
    "Title": "The iDOLM@STER Shiny Colors"
  },
  {
    "Id": "the-idolmster-shiny-colors-s2",
    "Title": "The iDOLM@STER Shiny Colors S2"
  },
  {
    "Id": "the-last-summoner",
    "Title": "The Last Summoner"
  },
  {
    "Id": "the-legend-of-hei",
    "Title": "The Legend of Hei"
  },
  {
    "Id": "the-legend-of-heroes-sen-no-kiseki-northern-war",
    "Title": "The Legend of Heroes - Sen no Kiseki - Northern War"
  },
  {
    "Id": "the-marginal-service",
    "Title": "The Marginal Service"
  },
  {
    "Id": "the-new-gate",
    "Title": "The New Gate"
  },
  {
    "Id": "the-prince-of-tennis-ii-u-17-world-cup",
    "Title": "The Prince of Tennis II - U-17 World Cup"
  },
  {
    "Id": "the-prince-of-tennis-ii-u-17-world-cup-semifinal",
    "Title": "The Prince of Tennis II - U-17 World Cup Semifinal"
  },
  {
    "Id": "thunderbolt-fantasy-the-final-chapter",
    "Title": "Thunderbolt Fantasy - The Final Chapter"
  },
  {
    "Id": "thunderbolt-fantasy-s3",
    "Title": "Thunderbolt Fantasy S3"
  },
  {
    "Id": "thunderbolt-fantasy-s4",
    "Title": "Thunderbolt Fantasy S4"
  },
  {
    "Id": "to-be-hero-x",
    "Title": "To Be Hero X"
  },
  {
    "Id": "toaru-ossan-no-vrmmo-katsudouki",
    "Title": "Toaru Ossan no VRMMO Katsudouki"
  },
  {
    "Id": "toji-no-miko-kizamishi-issen-no-tomoshibi",
    "Title": "Toji no Miko - Kizamishi Issen no Tomoshibi"
  },
  {
    "Id": "tokidoki-bosotto-russia-go-de-dereru-tonari-no-alya-san",
    "Title": "Tokidoki Bosotto Russia-go de Dereru Tonari no Alya-san"
  },
  {
    "Id": "tokyo-24-ku",
    "Title": "Tokyo 24-ku"
  },
  {
    "Id": "tokyo-mew-mew-new",
    "Title": "Tokyo Mew Mew New"
  },
  {
    "Id": "tokyo-revengers",
    "Title": "Tokyo Revengers"
  },
  {
    "Id": "tomo-chan-wa-onnanoko",
    "Title": "Tomo-chan wa Onnanoko!"
  },
  {
    "Id": "tomodachi-game",
    "Title": "Tomodachi Game"
  },
  {
    "Id": "tomodachi-no-imouto-ga-ore-ni-dake-uzai",
    "Title": "Tomodachi no Imouto ga Ore ni dake Uzai"
  },
  {
    "Id": "tonari-no-youkai-san",
    "Title": "Tonari no Youkai-san"
  },
  {
    "Id": "tondemo-skill-de-isekai-hourou-meshi",
    "Title": "Tondemo Skill de Isekai Hourou Meshi"
  },
  {
    "Id": "tondemo-skill-de-isekai-hourou-meshi-s2",
    "Title": "Tondemo Skill de Isekai Hourou Meshi S2"
  },
  {
    "Id": "tonikaku-kawaii",
    "Title": "Tonikaku Kawaii"
  },
  {
    "Id": "tonikaku-kawaii-joshikou-hen",
    "Title": "Tonikaku Kawaii - Joshikou-hen"
  },
  {
    "Id": "tonikaku-kawaii-s2",
    "Title": "Tonikaku Kawaii S2"
  },
  {
    "Id": "totsukuni-no-shoujo",
    "Title": "Totsukuni no Shoujo"
  },
  {
    "Id": "tougen-anki",
    "Title": "Tougen Anki"
  },
  {
    "Id": "toujima-tanzaburou-wa-kamen-rider-ni-naritai",
    "Title": "Toujima Tanzaburou wa Kamen Rider ni Naritai"
  },
  {
    "Id": "touken-ranbu-hanamaru",
    "Title": "Touken Ranbu - Hanamaru"
  },
  {
    "Id": "touken-ranbu-kai-douden-chikashi-haberau-monora",
    "Title": "Touken Ranbu Kai - Douden Chikashi Haberau Monora"
  },
  {
    "Id": "touken-ranbu-kai-kyoden-moyuru-honnouji",
    "Title": "Touken Ranbu Kai - Kyoden Moyuru Honnouji"
  },
  {
    "Id": "toutotsu-ni-egypt-shin",
    "Title": "Toutotsu ni Egypt Kami"
  },
  {
    "Id": "toutotsu-ni-egypt-shin",
    "Title": "Toutotsu ni Egypt Shin"
  },
  {
    "Id": "toutotsu-ni-egypt-shin-s2",
    "Title": "Toutotsu ni Egypt Shin S2"
  },
  {
    "Id": "towa-no-yuugure",
    "Title": "Towa no Yuugure"
  },
  {
    "Id": "tower-of-god-s2",
    "Title": "Tower of God S2"
  },
  {
    "Id": "trapezium",
    "Title": "Trapezium"
  },
  {
    "Id": "tribe-nine",
    "Title": "Tribe Nine"
  },
  {
    "Id": "trigun-stampede",
    "Title": "Trigun Stampede"
  },
  {
    "Id": "trillion-game",
    "Title": "Trillion Game"
  },
  {
    "Id": "tropical-rouge-precure",
    "Title": "Tropical-Rouge! Precure"
  },
  {
    "Id": "true-beauty",
    "Title": "True Beauty"
  },
  {
    "Id": "tsue-to-tsurugi-no-wistoria",
    "Title": "Tsue to Tsurugi no Wistoria"
  },
  {
    "Id": "tsugumomo-s2",
    "Title": "Tsugumomo S2 OVA"
  },
  {
    "Id": "tsuihousha-shokudou-e-youkoso",
    "Title": "Tsuihousha Shokudou e Youkoso!"
  },
  {
    "Id": "tsuki-ga-michibiku-isekai-douchuu",
    "Title": "Tsuki ga Michibiku Isekai Douchuu"
  },
  {
    "Id": "tsuki-ga-michibiku-isekai-douchuu-s2",
    "Title": "Tsuki ga Michibiku Isekai Douchuu S2"
  },
  {
    "Id": "tsuki-to-laika-to-nosferatu",
    "Title": "Tsuki to Laika to Nosferatu"
  },
  {
    "Id": "tsukipro-the-animation-s2",
    "Title": "Tsukipro The Animation S2"
  },
  {
    "Id": "tsukiuta-the-animation-s2",
    "Title": "Tsukiuta. The Animation S2"
  },
  {
    "Id": "tsuma-shougakusei-ni-naru",
    "Title": "Tsuma, Shougakusei ni Naru"
  },
  {
    "Id": "tsunlise",
    "Title": "Tsunlise"
  },
  {
    "Id": "tsurune-movie-hajimari-no-issha",
    "Title": "Tsurune Movie - Hajimari no Issha"
  },
  {
    "Id": "tsurune-s2",
    "Title": "Tsurune S2"
  },
  {
    "Id": "tsuyokute-new-saga",
    "Title": "Tsuyokute New Saga"
  },
  {
    "Id": "turkey",
    "Title": "Turkey!"
  },
  {
    "Id": "uchi-no-kaisha-no-chiisai-senpai-no-hanashi",
    "Title": "Uchi no Kaisha no Chiisai Senpai no Hanashi"
  },
  {
    "Id": "uchi-no-shishou-wa-shippo-ga-nai",
    "Title": "Uchi no Shishou wa Shippo ga Nai"
  },
  {
    "Id": "uma-musume-pretty-derby-s2",
    "Title": "Uma Musume - Pretty Derby S2"
  },
  {
    "Id": "uma-musume-pretty-derby-s3",
    "Title": "Uma Musume - Pretty Derby S3"
  },
  {
    "Id": "umibe-no-etranger",
    "Title": "Umibe no Etranger"
  },
  {
    "Id": "undead-girl-murder-farce",
    "Title": "Undead Girl Murder Farce"
  },
  {
    "Id": "under-ninja",
    "Title": "Under Ninja"
  },
  {
    "Id": "uniteup",
    "Title": "UniteUp!"
  },
  {
    "Id": "uniteup-s2",
    "Title": "UniteUp! S2"
  },
  {
    "Id": "unnamed-memory",
    "Title": "Unnamed Memory"
  },
  {
    "Id": "uramichi-oniisan",
    "Title": "Uramichi Oniisan"
  },
  {
    "Id": "urasekai-picnic",
    "Title": "Urasekai Picnic"
  },
  {
    "Id": "urusei-yatsura-2022",
    "Title": "Urusei Yatsura (2022)"
  },
  {
    "Id": "uta-no-prince-sama-maji-love-starish-tours",
    "Title": "Uta no Prince-sama Maji Love Starish Tours"
  },
  {
    "Id": "uta-no-prince-sama-maji-love-starish-tours",
    "Title": "Uta no Prince-sama Maji Love Starish Tours Movie"
  },
  {
    "Id": "utawarerumono-futari-no-hakuoro",
    "Title": "Utawarerumono - Futari no Hakuoro"
  },
  {
    "Id": "uzaki-chan-wa-asobitai-s2",
    "Title": "Uzaki-chan wa Asobitai! S2"
  },
  {
    "Id": "vampire-dormitory",
    "Title": "Vampire Dormitory"
  },
  {
    "Id": "vanitas-no-carte",
    "Title": "Vanitas no Carte"
  },
  {
    "Id": "vazzrock-the-animation",
    "Title": "Vazzrock the Animation"
  },
  {
    "Id": "vigilante-boku-no-hero-academia-illegals",
    "Title": "Vigilante - Boku no Hero Academia Illegals"
  },
  {
    "Id": "vinland-saga-s2",
    "Title": "Vinland Saga S2"
  },
  {
    "Id": "visual-prison",
    "Title": "Visual Prison"
  },
  {
    "Id": "vivy-fluorite-eyes-song",
    "Title": "Vivy - Fluorite Eye\u0027s Song"
  },
  {
    "Id": "vlad-love",
    "Title": "Vlad Love"
  },
  {
    "Id": "vtuber-nandaga-haishin-kiri-wasuretara-densetsu-ni-natteta",
    "Title": "VTuber Nandaga Haishin Kiri Wasuretara Densetsu ni Natteta"
  },
  {
    "Id": "waccha-primagi",
    "Title": "Waccha PriMagi!"
  },
  {
    "Id": "wajutsushi",
    "Title": "Wajutsushi"
  },
  {
    "Id": "warau-arsnotoria-sun",
    "Title": "Warau Arsnotoria Sun!"
  },
  {
    "Id": "watari-kun-no-xx-ga-houkai-sunzen",
    "Title": "Watari-kun no xx ga Houkai Sunzen"
  },
  {
    "Id": "watashi-ni-tenshi-ga-maiorita-precious-friends",
    "Title": "Watashi ni Tenshi ga Maiorita! - Precious Friends"
  },
  {
    "Id": "watashi-no-oshi-wa-akuyaku-reijou",
    "Title": "Watashi no Oshi wa Akuyaku Reijou"
  },
  {
    "Id": "watashi-no-yuri-wa-oshigoto-desu",
    "Title": "Watashi no Yuri wa Oshigoto desu!"
  },
  {
    "Id": "watashi-wo-tabetai-hitodenashi-2",
    "Title": "Watashi wo Tabetai, Hitodenashi"
  },
  {
    "Id": "wave-surfing-yappe-tv",
    "Title": "Wave!! Surfing Yappe!! (TV)"
  },
  {
    "Id": "who-made-me-a-princess",
    "Title": "Who Made Me a Princess"
  },
  {
    "Id": "wind-breaker",
    "Title": "Wind Breaker"
  },
  {
    "Id": "witch-watch",
    "Title": "Witch Watch"
  },
  {
    "Id": "wixoss-divaalive",
    "Title": "WIXOSS Diva(A)Live"
  },
  {
    "Id": "wonder-egg-priority",
    "Title": "Wonder Egg Priority"
  },
  {
    "Id": "wonderful-precure",
    "Title": "Wonderful Precure!"
  },
  {
    "Id": "world-dai-star",
    "Title": "World Dai Star"
  },
  {
    "Id": "world-trigger-s2",
    "Title": "World Trigger S2"
  },
  {
    "Id": "world-trigger-s3",
    "Title": "World Trigger S3"
  },
  {
    "Id": "world-witches-hasshin-shimasu",
    "Title": "World Witches Hasshin Shimasu!"
  },
  {
    "Id": "x-and-y",
    "Title": "X and Y"
  },
  {
    "Id": "yakunara-mug-cup-mo",
    "Title": "Yakunara Mug Cup mo"
  },
  {
    "Id": "yakunara-mug-cup-mo-s2",
    "Title": "Yakunara Mug Cup mo S2"
  },
  {
    "Id": "yakusoku-no-neverland-s2",
    "Title": "Yakusoku no Neverland S2"
  },
  {
    "Id": "yama-no-susume-next-summit",
    "Title": "Yama no Susume - Next Summit"
  },
  {
    "Id": "yamada-kun-to-lv999-no-koi-wo-suru",
    "Title": "Yamada-kun to Lv999 no Koi wo Suru"
  },
  {
    "Id": "yamato-yo-towa-ni-rebel-3199",
    "Title": "Yamato yo Towa ni - Rebel 3199"
  },
  {
    "Id": "yami-healer",
    "Title": "Yami Healer"
  },
  {
    "Id": "yami-shibai-10",
    "Title": "Yami Shibai 10"
  },
  {
    "Id": "yami-shibai-11",
    "Title": "Yami Shibai 11"
  },
  {
    "Id": "yami-shibai-12",
    "Title": "Yami Shibai 12"
  },
  {
    "Id": "yami-shibai-13",
    "Title": "Yami Shibai 13"
  },
  {
    "Id": "yami-shibai-14",
    "Title": "Yami Shibai 14"
  },
  {
    "Id": "yami-shibai-15",
    "Title": "Yami Shibai 15"
  },
  {
    "Id": "yami-shibai-8",
    "Title": "Yami Shibai 8"
  },
  {
    "Id": "yami-shibai-9",
    "Title": "Yami Shibai 9"
  },
  {
    "Id": "yano-kun-no-futsuu-no-hibi",
    "Title": "Yano-kun no Futsuu no Hibi"
  },
  {
    "Id": "yarinaoshi-reijou-wa-ryuutei-heika-wo-kouryakuchuu",
    "Title": "Yarinaoshi Reijou wa Ryuutei Heika wo Kouryakuchuu"
  },
  {
    "Id": "yasei-no-last-boss-ga-arawareta",
    "Title": "Yasei no Last Boss ga Arawareta!"
  },
  {
    "Id": "yatogame-chan-kansatsu-nikki-s3",
    "Title": "Yatogame-chan Kansatsu Nikki S3"
  },
  {
    "Id": "yatogame-chan-kansatsu-nikki-s4",
    "Title": "Yatogame-chan Kansatsu Nikki S4"
  },
  {
    "Id": "yes-ka-no-ka-hanbun-ka",
    "Title": "Yes ka No ka Hanbun ka"
  },
  {
    "Id": "yofukashi-no-uta",
    "Title": "Yofukashi no Uta"
  },
  {
    "Id": "yofukashi-no-uta-s2",
    "Title": "Yofukashi no Uta S2"
  },
  {
    "Id": "yoru-no-kurage-wa-oyogenai",
    "Title": "Yoru no Kurage wa Oyogenai"
  },
  {
    "Id": "youjo-senki",
    "Title": "Youjo Senki"
  },
  {
    "Id": "youjo-senki",
    "Title": "Youjo Senki - Sabaku no Pasta Dai Sakusen"
  },
  {
    "Id": "youjo-shachou",
    "Title": "Youjo Shachou"
  },
  {
    "Id": "youkai-gakkou-no-sensei-hajimemashita",
    "Title": "Youkai Gakkou no Sensei Hajimemashita"
  },
  {
    "Id": "youkoso-jitsuryoku-shijou-shugi-no-kyoushitsu-e-s2",
    "Title": "Youkoso Jitsuryoku Shijou Shugi no Kyoushitsu e S2"
  },
  {
    "Id": "youkoso-jitsuryoku-shijou-shugi-no-kyoushitsu-e-s3",
    "Title": "Youkoso Jitsuryoku Shijou Shugi no Kyoushitsu e S3"
  },
  {
    "Id": "yowamushi-pedal-s5",
    "Title": "Yowamushi Pedal S5"
  },
  {
    "Id": "yubisaki-to-renren",
    "Title": "Yubisaki to Renren"
  },
  {
    "Id": "yumemiru-danshi-wa-genjitsushugisha",
    "Title": "Yumemiru Danshi wa Genjitsushugisha"
  },
  {
    "Id": "yurei-deco",
    "Title": "Yurei Deco"
  },
  {
    "Id": "yuru-camp-movie",
    "Title": "Yuru Camp Movie"
  },
  {
    "Id": "yuru-camp-s2",
    "Title": "Yuru Camp S2"
  },
  {
    "Id": "yuru-camp-s3",
    "Title": "Yuru Camp S3"
  },
  {
    "Id": "yuuki-bakuhatsu-bang-bravern",
    "Title": "Yuuki Bakuhatsu Bang Bravern"
  },
  {
    "Id": "yuuki-yuuna-wa-yuusha-de-aru-dai-mankai-no-shou",
    "Title": "Yuuki Yuuna wa Yuusha de Aru - Dai Mankai no Shou"
  },
  {
    "Id": "yuukoku-no-moriarty",
    "Title": "Yuukoku no Moriarty"
  },
  {
    "Id": "yuusha-ga-shinda",
    "Title": "Yuusha ga Shinda!"
  },
  {
    "Id": "yuusha-party-o-tsuihou-sareta-shiro-madoushi",
    "Title": "Yuusha Party o Tsuihou Sareta Shiro Madoushi"
  },
  {
    "Id": "yuusha-yamemasu",
    "Title": "Yuusha, Yamemasu"
  },
  {
    "Id": "yuzuki-san-chi-no-yonkyoudai",
    "Title": "Yuzuki-san Chi no Yonkyoudai"
  },
  {
    "Id": "zatsu-tabi-thats-journey",
    "Title": "Zatsu Tabi - That\u0027s Journey"
  },
  {
    "Id": "zenshuu",
    "Title": "Zenshuu"
  },
  {
    "Id": "zom-100-zombie-ni-naru-made-ni-shitai-100-no-koto",
    "Title": "Zom 100 - Zombie ni Naru made ni Shitai 100 no Koto"
  },
  {
    "Id": "zombieland-saga-s2",
    "Title": "Zombieland Saga S2"
  },
  {
    "Id": "zutaboro-reijou-wa-ane-no-moto-konyakusha-ni-dekiai-sareru",
    "Title": "Zutaboro Reijou wa Ane no Moto Konyakusha ni Dekiai sareru"
  }
]